Iterations,VI avg crashes,QL avg crashes
0,210.5,100
5,250,100
10,195,100
15,190,100
20,150.8,100
25,355,100
30,135.2,100
35,292.6,100
40,195.3,100
45,226.3,100
50,309.5,100
55,235.1,100
60,143.2,100
65,329.1,100
70,158.4,100
75,259.5,100
80,129.5,100
85,316.3,100
90,223.8,100
95,324.9,100
100,272.9,100
105,273.4,100
110,159,100
115,203.1,100
120,218.6,100
125,196.2,100
130,222.5,100
135,353.9,100
140,196.3,100
145,209.9,100
150,273.6,100
155,151.8,100
160,222.6,100
165,273.4,100
170,381.3,100
175,148.3,100
180,232.1,100
185,234.9,100
190,230.3,100
195,248.1,100
200,212.5,100
205,212.6,100
210,109.3,100
215,195.3,100
220,255.5,100
225,209.9,100
230,243,100
235,209.8,100
240,191.3,100
245,207.4,100
250,121.3,100
255,251.3,100
260,157.7,100
265,290.9,100
270,160.5,100
275,341,100
280,260.2,100
285,209.3,100
290,98.6,100
295,340.5,100
300,218.9,100
305,204.3,100
310,139.4,100
315,166.5,100
320,152,100
325,142.4,100
330,251.4,100
335,183.1,100
340,427.6,100
345,176.5,100
350,251.4,100
355,145.9,100
360,277.3,100
365,191,100
370,208.2,100
375,220.6,100
380,185.4,100
385,158.5,100
390,182.6,100
395,277.2,100
400,293.2,100
405,189,100
410,270.3,100
415,251.6,100
420,183.1,100
425,189.6,100
430,226.7,100
435,132.1,100
440,200,100
445,283.3,100
450,137.8,100
455,241,100
460,219.1,100
465,255.3,100
470,217.3,100
475,270.2,100
480,309,100
485,221.3,100
490,161.9,100
495,156,100
500,292.2,100
505,283.9,100
510,154.2,100
515,141.1,100
520,258.2,100
525,242,100
530,188.8,100
535,207.8,100
540,278.8,100
545,208.3,100
550,174,100
555,260.3,100
560,135.8,100
565,283.8,100
570,144.5,100
575,178.4,100
580,201.1,100
585,200,100
590,225.9,100
595,157.5,100
600,158.1,100
605,221.6,100
610,198.2,100
615,208.4,100
620,139.4,100
625,156.2,100
630,122,100
635,158.9,100
640,249.5,100
645,145.9,100
650,141.1,100
655,238.3,100
660,278.2,100
665,232.6,100
670,182.8,100
675,223.1,100
680,253.1,100
685,182.4,100
690,261.7,100
695,219.6,100
700,235.4,100
705,189.8,100
710,239,100
715,156.9,100
720,237.2,100
725,213.4,100
730,290.8,100
735,217,100
740,147.8,100
745,157,100
750,162.3,100
755,238.6,100
760,294.9,100
765,260.9,100
770,167.4,100
775,156.5,100
780,170.4,100
785,221.8,100
790,215.9,100
795,143.4,100
800,161.2,100
805,91.2,100
810,150.7,100
815,127.7,100
820,249,100
825,112,90
830,155.5,100
835,199.8,90
840,197.1,100
845,175,90
850,192.3,100
855,157.4,100
860,262,100
865,173.4,100
870,154.5,100
875,171.3,100
880,210,100
885,171.6,90
890,184.1,100
895,200.7,100
900,171.3,100
905,236.9,100
910,165.8,90
915,212.5,100
920,181.9,100
925,233.2,100
930,101.6,100
935,253.2,90
940,139.8,90
945,264.3,100
950,286.6,90
955,330.4,100
960,150.6,100
965,299.7,90
970,136.1,100
975,334,90
980,150.7,90
985,221.3,80
990,155.8,100
995,219.1,100
1000,174.6,100
1005,140.6,90
1010,231.2,100
1015,273,100
1020,189.7,90
1025,199.7,100
1030,249.2,100
1035,179.4,90
1040,185.4,100
1045,158,100
1050,133.9,100
1055,243.1,100
1060,233.6,100
1065,261.5,90
1070,285.6,100
1075,198.6,90
1080,256,100
1085,128.8,100
1090,319.9,90
1095,188.5,100
1100,145.7,100
1105,181,100
1110,179.2,100
1115,219.7,100
1120,127.2,100
1125,280.4,100
1130,223.1,90
1135,261.5,90
1140,245.2,100
1145,235.3,100
1150,265.8,100
1155,305.1,100
1160,156.3,100
1165,264.7,90
1170,168.8,100
1175,116.4,100
1180,226.4,90
1185,160.5,100
1190,249.5,100
1195,169.8,100
1200,187.7,100
1205,219.3,100
1210,122.7,100
1215,176.9,100
1220,143.7,100
1225,161.5,90
1230,275.7,90
1235,177.2,90
1240,92.2,90
1245,219.9,90
1250,267.4,100
1255,116.1,100
1260,148.4,90
1265,205.6,100
1270,271.8,100
1275,163.9,90
1280,299.5,100
1285,141.3,100
1290,135.8,100
1295,146.8,100
1300,218.7,100
1305,217.5,100
1310,174.4,100
1315,155.3,100
1320,174.3,100
1325,307.9,100
1330,207.9,90
1335,127.3,100
1340,105.9,90
1345,307.8,100
1350,230.5,100
1355,288.5,100
1360,166.6,90
1365,178.8,90
1370,163.7,100
1375,198.2,90
1380,287,100
1385,180.4,100
1390,185.5,100
1395,193.2,100
1400,188.4,100
1405,163.2,100
1410,265.2,100
1415,201.6,100
1420,195.1,100
1425,167,100
1430,172.2,90
1435,157.1,100
1440,169.9,90
1445,217.4,100
1450,103.4,100
1455,128.7,100
1460,133.6,100
1465,214.5,100
1470,118,100
1475,311.3,100
1480,197.4,90
1485,150.7,100
1490,151.3,100
1495,209,90
1500,213.3,100
1505,179.9,100
1510,200.7,100
1515,206.9,90
1520,135.6,90
1525,254.7,100
1530,174.4,100
1535,169.7,90
1540,198.1,100
1545,144.1,90
1550,172.2,90
1555,137.7,100
1560,125.8,100
1565,131.1,90
1570,181.9,90
1575,205.2,100
1580,162.6,90
1585,120.6,100
1590,149.6,100
1595,160,100
1600,257.7,100
1605,260.8,100
1610,218.7,100
1615,258.6,100
1620,240.9,100
1625,194.7,100
1630,199.2,90
1635,141.6,100
1640,253.5,100
1645,277.7,100
1650,166.2,100
1655,219.4,90
1660,119.1,90
1665,151,100
1670,152.1,100
1675,285.9,100
1680,220.7,100
1685,216.9,100
1690,120.9,100
1695,154.4,100
1700,290.6,90
1705,206.1,90
1710,176.1,90
1715,148.2,90
1720,115.6,100
1725,110.8,100
1730,184.2,90
1735,158.1,100
1740,157.8,100
1745,174,90
1750,148,100
1755,280.2,100
1760,192.2,100
1765,131.4,100
1770,189.1,100
1775,131.9,100
1780,181,90
1785,199.8,100
1790,172,90
1795,159.9,90
1800,211.5,100
1805,210.9,100
1810,153.1,100
1815,167,100
1820,285,90
1825,144.8,100
1830,126.5,90
1835,166.9,100
1840,151.6,100
1845,149.8,100
1850,250.8,100
1855,209.5,90
1860,172.7,90
1865,164.1,100
1870,303.5,100
1875,137.8,100
1880,140,100
1885,124.9,100
1890,190.8,100
1895,187.3,100
1900,197.8,90
1905,217.3,100
1910,228.8,100
1915,198.2,100
1920,101.7,90
1925,177,100
1930,131.5,90
1935,186.3,90
1940,204.4,100
1945,139.1,100
1950,131.1,100
1955,206.8,100
1960,210.9,90
1965,196.3,100
1970,200.9,100
1975,182.7,100
1980,112.8,100
1985,169.5,100
1990,183.5,100
1995,107.4,100
2000,199.5,100
2005,211.7,100
2010,182.3,100
2015,219.9,100
2020,238.8,100
2025,279.2,100
2030,121.4,100
2035,118.7,100
2040,155.9,100
2045,222.6,100
2050,213,100
2055,151.9,100
2060,182.7,90
2065,124.8,100
2070,148,100
2075,187.5,100
2080,131.2,100
2085,241.8,100
2090,110.6,100
2095,141.1,90
2100,135,100
2105,225.7,100
2110,125.8,100
2115,204.3,100
2120,143.4,100
2125,268,100
2130,203.1,100
2135,243.9,100
2140,111.7,100
2145,216,90
2150,244.3,90
2155,231.6,90
2160,158.2,90
2165,189.9,100
2170,131.3,100
2175,158.3,100
2180,212.5,100
2185,136.5,100
2190,128.5,100
2195,138.9,100
2200,129.1,90
2205,112,90
2210,201.5,100
2215,146.2,100
2220,174.9,100
2225,157,100
2230,179.8,100
2235,139.4,100
2240,89.5,90
2245,229.7,100
2250,182.1,100
2255,187.9,100
2260,249.7,90
2265,184,100
2270,153.1,90
2275,149.6,90
2280,162.1,100
2285,128,100
2290,173.9,100
2295,150.7,100
2300,133.8,100
2305,156.8,100
2310,147,100
2315,218.1,100
2320,210.6,100
2325,115.8,100
2330,178,100
2335,156.8,100
2340,148.8,100
2345,171.1,100
2350,220.4,100
2355,104.3,90
2360,189.1,90
2365,228.1,100
2370,176,100
2375,121.4,100
2380,174.8,100
2385,195.8,90
2390,120.5,90
2395,245.1,90
2400,176.4,90
2405,210.6,90
2410,116.8,80
2415,158.8,100
2420,149.3,100
2425,199.1,90
2430,174,90
2435,110.2,90
2440,167.3,100
2445,145.1,90
2450,202.2,90
2455,170,100
2460,121.8,90
2465,166.3,100
2470,176.3,90
2475,238.8,80
2480,112.7,100
2485,199.5,80
2490,241.9,80
2495,193.4,100
2500,148.2,90
2505,150.6,80
2510,199.5,80
2515,111.1,90
2520,173.2,100
2525,134.6,90
2530,189.6,90
2535,182.7,100
2540,145,100
2545,204.6,80
2550,113.4,90
2555,170.8,90
2560,150,90
2565,137.4,90
2570,136.6,80
2575,110.8,90
2580,142.7,90
2585,137.5,90
2590,342,90
2595,112.1,100
2600,159.3,80
2605,144.1,100
2610,221.7,90
2615,99.1,90
2620,146,90
2625,190.2,90
2630,149.2,100
2635,186.6,100
2640,136.4,100
2645,138.6,100
2650,142.6,90
2655,125.1,100
2660,145.3,90
2665,154,90
2670,150.2,100
2675,113.4,90
2680,154.2,100
2685,238.7,90
2690,120.9,90
2695,153.6,90
2700,121.9,100
2705,141.8,100
2710,250.9,80
2715,210.8,90
2720,158.5,90
2725,102,100
2730,140,90
2735,113.6,100
2740,176.7,90
2745,98.4,90
2750,191.3,90
2755,140.3,100
2760,225.4,100
2765,245.8,90
2770,170.4,90
2775,212,100
2780,184.6,100
2785,190.7,100
2790,163.5,80
2795,153.8,90
2800,190.2,90
2805,142.6,90
2810,127,90
2815,153.4,90
2820,192.3,100
2825,130.9,100
2830,177.9,100
2835,121.4,90
2840,194.9,90
2845,191.5,100
2850,273.4,100
2855,133,90
2860,112.6,100
2865,153.2,90
2870,137.6,90
2875,162.2,100
2880,143.9,90
2885,171.7,90
2890,170.5,100
2895,244.8,100
2900,211.1,90
2905,161.6,80
2910,182,100
2915,137,80
2920,139.5,90
2925,128.9,90
2930,113.8,90
2935,154.6,100
2940,129.1,90
2945,124.5,90
2950,153.5,90
2955,205.3,100
2960,126.1,90
2965,96.2,80
2970,171.6,80
2975,253.9,90
2980,163.4,100
2985,171.2,90
2990,169.4,100
2995,117.8,90
3000,215.6,80
3005,127.6,70
3010,226,90
3015,156.4,90
3020,130.3,90
3025,182.2,100
3030,172.4,80
3035,152.5,80
3040,204.7,90
3045,253.5,90
3050,184,80
3055,179.6,70
3060,149.3,80
3065,150.2,80
3070,196.3,70
3075,171.2,80
3080,194.8,100
3085,238.3,60
3090,139.9,50
3095,154.7,90
3100,150.7,80
3105,148.6,80
3110,109.5,90
3115,138.5,70
3120,178.1,90
3125,185.6,90
3130,246.2,90
3135,103.3,80
3140,146,60
3145,122.6,90
3150,86.7,80
3155,183.7,80
3160,161.8,80
3165,177.2,70
3170,185.8,70
3175,165.9,80
3180,134.3,90
3185,105.6,80
3190,127.3,60
3195,209.3,80
3200,170.3,90
3205,236,80
3210,127.1,70
3215,80.9,60
3220,124.4,60
3225,148.1,80
3230,177.6,80
3235,219.2,80
3240,99.5,80
3245,216.6,70
3250,149.8,70
3255,159.9,80
3260,191.6,70
3265,144.9,90
3270,107.4,80
3275,195,70
3280,117.2,90
3285,114.5,70
3290,175.3,80
3295,159.6,80
3300,154.3,80
3305,218.3,90
3310,199,90
3315,134.2,80
3320,180.2,60
3325,92.8,90
3330,117.4,70
3335,154.9,90
3340,91.4,70
3345,138.8,90
3350,120.6,70
3355,122.9,100
3360,159.3,80
3365,135.3,90
3370,154.5,90
3375,135.8,80
3380,106.8,90
3385,162.7,100
3390,70.1,100
3395,136.4,80
3400,158.6,90
3405,136.8,80
3410,185.7,60
3415,111.2,80
3420,189.7,90
3425,196.8,60
3430,145.1,70
3435,145.4,70
3440,131,60
3445,152.4,70
3450,112.2,80
3455,162,80
3460,111.4,80
3465,147.3,80
3470,175.1,90
3475,165.5,70
3480,155,100
3485,131.8,80
3490,138.9,80
3495,130.9,80
3500,153.1,70
3505,199,80
3510,111,80
3515,122.7,60
3520,176.5,90
3525,153.8,90
3530,185.9,70
3535,108,80
3540,148,100
3545,125.3,90
3550,165,70
3555,128.2,80
3560,130.9,90
3565,139.3,80
3570,145.5,80
3575,137,60
3580,112.8,80
3585,122.3,90
3590,101.8,80
3595,163.4,80
3600,141.5,60
3605,145.3,70
3610,114.3,80
3615,92.8,80
3620,144.7,80
3625,123,70
3630,136.1,60
3635,99,80
3640,140.9,70
3645,130.8,60
3650,121.5,60
3655,121.6,70
3660,110.3,80
3665,116.4,90
3670,101.1,80
3675,119.1,40
3680,164.9,80
3685,159.8,50
3690,172.8,70
3695,95.2,60
3700,79.5,60
3705,183.9,90
3710,208.3,80
3715,70,60
3720,177.2,80
3725,198.1,80
3730,157,50
3735,106.7,90
3740,134.3,90
3745,138.8,90
3750,101.4,70
3755,139.2,70
3760,123.2,90
3765,135,90
3770,132.5,50
3775,153.3,80
3780,117.6,60
3785,179.6,70
3790,162.2,80
3795,113.6,70
3800,108.5,70
3805,148.2,80
3810,118.1,70
3815,119.3,70
3820,150.3,50
3825,95.5,40
3830,83.5,80
3835,111.1,90
3840,198.2,60
3845,134.9,60
3850,150.5,60
3855,82.6,60
3860,136.8,60
3865,125.5,80
3870,111.1,90
3875,171.9,80
3880,149.5,80
3885,107.4,70
3890,165.6,60
3895,124.1,80
3900,122.7,50
3905,125.4,60
3910,231,90
3915,143.3,90
3920,138.4,70
3925,100.7,70
3930,146.7,90
3935,163.4,70
3940,149,90
3945,116.7,90
3950,95,70
3955,90.1,50
3960,86.2,80
3965,120.2,60
3970,81.8,70
3975,119.9,70
3980,119.4,90
3985,115.6,60
3990,212.1,60
3995,107.7,80
4000,125.9,70
4005,131.1,50
4010,141.5,60
4015,184,70
4020,70.7,70
4025,123.1,60
4030,126.8,40
4035,112,60
4040,142.6,60
4045,81.7,40
4050,162.4,50
4055,166,50
4060,124.9,60
4065,99.8,60
4070,140.6,60
4075,92.7,40
4080,105.5,50
4085,141.6,40
4090,87.8,50
4095,130.8,40
4100,109.1,60
4105,115.9,80
4110,90.5,50
4115,77.7,70
4120,124,60
4125,131.1,50
4130,99.8,70
4135,111,60
4140,128.8,30
4145,177,60
4150,82.3,60
4155,108,60
4160,141.1,60
4165,83.5,60
4170,180.8,40
4175,112.9,50
4180,94.9,60
4185,108,50
4190,122.3,40
4195,127.3,40
4200,122.3,70
4205,116.1,50
4210,154.2,80
4215,141,30
4220,105.1,50
4225,122.7,70
4230,138.8,60
4235,99.1,60
4240,140.6,30
4245,101.2,30
4250,119,40
4255,139.8,60
4260,97.4,30
4265,177.4,40
4270,120,40
4275,96.3,50
4280,171.8,70
4285,107,50
4290,96.8,50
4295,173.1,50
4300,112.1,60
4305,112.3,70
4310,173.7,40
4315,143.9,60
4320,106.1,40
4325,140.6,60
4330,116.7,50
4335,172,60
4340,145.5,60
4345,124.5,70
4350,118.3,60
4355,81.4,60
4360,84,60
4365,159.7,40
4370,135,60
4375,128,60
4380,158.2,50
4385,159.1,50
4390,93.2,60
4395,100.3,50
4400,108.5,30
4405,84.4,40
4410,126.8,50
4415,111,60
4420,183.5,50
4425,149,40
4430,73.5,50
4435,153,50
4440,106.6,40
4445,90.1,50
4450,125.2,60
4455,109.6,30
4460,177.9,60
4465,78.5,40
4470,168,60
4475,88.6,60
4480,111.1,50
4485,167.4,60
4490,126.1,50
4495,89.7,40
4500,66.2,60
4505,97.3,40
4510,173.5,40
4515,148.8,40
4520,144.5,30
4525,120.6,60
4530,133.3,40
4535,186.9,40
4540,79.4,50
4545,146.9,60
4550,60.9,40
4555,104.8,40
4560,84.5,50
4565,93,50
4570,94.8,50
4575,144.5,50
4580,108.9,30
4585,99.9,40
4590,105,60
4595,99.9,50
4600,108.7,50
4605,181.5,60
4610,161.4,40
4615,100.8,50
4620,127.7,60
4625,93.4,50
4630,132.9,60
4635,172,40
4640,97.2,50
4645,107.3,30
4650,97.6,50
4655,165,50
4660,96,50
4665,91.6,50
4670,108.4,40
4675,124.4,70
4680,139.2,50
4685,99.7,40
4690,105.7,60
4695,99.2,40
4700,98.3,60
4705,103.2,50
4710,135.1,40
4715,138,50
4720,98.1,60
4725,70.6,40
4730,171.1,50
4735,121.5,50
4740,86,40
4745,95.9,60
4750,123.1,50
4755,111.6,50
4760,132.8,30
4765,100.5,50
4770,130.4,50
4775,91.9,40
4780,92.6,40
4785,85.4,50
4790,126.8,40
4795,110.6,50
4800,108.3,40
4805,130.9,40
4810,137,30
4815,117.1,40
4820,78.3,40
4825,67,50
4830,110.6,50
4835,133.1,50
4840,126.2,40
4845,129.3,40
4850,92.2,30
4855,114.8,50
4860,134.8,50
4865,126.6,40
4870,124.7,30
4875,130.7,30
4880,138.8,50
4885,109.3,30
4890,107.3,30
4895,114.6,30
4900,210.5,40
4905,126.5,40
4910,103.4,50
4915,93.3,40
4920,164.3,30
4925,131.7,40
4930,125.1,40
4935,134.4,50
4940,91.2,40
4945,134.9,50
4950,133.9,40
4955,149.1,30
4960,111,50
4965,106.8,50
4970,117.6,30
4975,98.1,30
4980,130.6,40
4985,76.6,40
4990,175,40
4995,155.2,40
5000,82,40
5005,114.5,40
5010,94.2,40
5015,107.2,40
5020,76.8,60
5025,102.5,30
5030,122.7,50
5035,96.8,30
5040,75.8,30
5045,61.1,50
5050,95.9,30
5055,87.8,50
5060,141.2,40
5065,105.9,30
5070,109,40
5075,113.8,30
5080,82.6,40
5085,129.9,40
5090,83,30
5095,113.4,30
5100,124.5,40
5105,91.5,40
5110,77.1,10
5115,122.2,20
5120,113.5,20
5125,166,30
5130,110.8,30
5135,101.8,50
5140,83.8,50
5145,95.3,40
5150,116.1,30
5155,89,10
5160,158.8,20
5165,82.9,30
5170,69.1,40
5175,93.1,30
5180,89,30
5185,120.3,50
5190,178.9,30
5195,158.9,30
5200,93.5,30
5205,110.4,30
5210,84,30
5215,107.1,30
5220,127.3,50
5225,137.7,30
5230,104.8,30
5235,145.9,20
5240,75.7,40
5245,139.7,50
5250,112.5,20
5255,56.9,10
5260,84.8,30
5265,92.9,40
5270,126,20
5275,118.9,20
5280,81.6,40
5285,107.4,30
5290,92.6,20
5295,102,20
5300,122.3,40
5305,92.2,30
5310,171.6,20
5315,115.3,20
5320,75.2,30
5325,140.2,40
5330,111.5,30
5335,116.7,30
5340,118.4,30
5345,133.8,40
5350,54,30
5355,89.4,30
5360,132.5,20
5365,91.4,30
5370,115,20
5375,120,30
5380,109.7,10
5385,82,30
5390,87.6,20
5395,150.7,30
5400,121.1,30
5405,117.4,20
5410,86.1,40
5415,84.8,30
5420,99.4,40
5425,63,20
5430,123.9,40
5435,82.5,40
5440,180.2,20
5445,125.2,50
5450,78.7,30
5455,87.2,20
5460,93,30
5465,85.2,20
5470,140.6,30
5475,75.6,40
5480,119.2,30
5485,62.9,20
5490,105.4,30
5495,114.8,20
5500,92.6,20
5505,116.2,20
5510,96,20
5515,75.9,30
5520,100.5,30
5525,100.3,10
5530,135,20
5535,99.4,10
5540,134.5,40
5545,108.9,20
5550,81.5,30
5555,81.3,20
5560,116.5,10
5565,109.9,30
5570,120.7,30
5575,130,20
5580,97.2,20
5585,135.1,20
5590,181.8,20
5595,114.9,40
5600,107.6,20
5605,99.2,20
5610,163,30
5615,151.9,40
5620,90.9,20
5625,108.6,30
5630,166.5,10
5635,99.5,30
5640,116.8,20
5645,104.3,20
5650,124,20
5655,75.3,20
5660,95.8,20
5665,100.1,40
5670,107.3,20
5675,99.5,20
5680,116.7,20
5685,134,40
5690,142.5,20
5695,109.8,20
5700,76.9,20
5705,139.9,10
5710,155.1,10
5715,87.7,40
5720,140.4,30
5725,86,10
5730,90.8,30
5735,61.5,20
5740,88.6,40
5745,74.9,10
5750,133.7,10
5755,118.4,30
5760,95.7,50
5765,120.8,20
5770,147,20
5775,109.8,20
5780,137,20
5785,84.3,30
5790,96.6,30
5795,67.7,30
5800,98.8,40
5805,143.4,40
5810,131.8,40
5815,100.1,20
5820,86.4,30
5825,120.3,20
5830,94.2,30
5835,143.8,20
5840,87.5,20
5845,91,10
5850,115.4,20
5855,102.6,20
5860,112.5,10
5865,65.6,30
5870,90.3,30
5875,123.6,40
5880,88.2,20
5885,148.5,20
5890,120.2,10
5895,109.4,30
5900,109.4,30
5905,109.6,30
5910,135.5,20
5915,99.3,10
5920,94,30
5925,138.9,20
5930,137,20
5935,127.8,30
5940,87.2,10
5945,110.4,30
5950,125.7,20
5955,129.9,30
5960,66.5,30
5965,100.8,30
5970,96.8,30
5975,118.4,40
5980,110.7,30
5985,120.4,20
5990,78.3,30
5995,82,10
6000,149.2,30
6005,91.2,20
6010,117.5,20
6015,81.9,20
6020,90.1,30
6025,137,30
6030,88.9,10
6035,81.8,30
6040,110.9,20
6045,66.5,40
6050,86.2,20
6055,117.4,20
6060,99.2,30
6065,112.1,30
6070,110.4,20
6075,113.4,20
6080,82.4,20
6085,93.8,30
6090,109.7,20
6095,130.7,30
6100,87.4,10
6105,89.7,10
6110,73.1,40
6115,133.3,20
6120,136,30
6125,138.3,20
6130,105.8,40
6135,67.9,20
6140,71.9,10
6145,70.4,10
6150,96.7,20
6155,94.2,20
6160,102.3,10
6165,97.3,10
6170,113.5,10
6175,68.7,30
6180,106.4,30
6185,109.6,50
6190,60.8,10
6195,116.3,40
6200,82.5,10
6205,87.1,20
6210,123,20
6215,117,20
6220,53.4,20
6225,157.5,10
6230,88.6,30
6235,87.5,10
6240,96.2,20
6245,125.6,20
6250,143.6,20
6255,92.9,10
6260,149.4,10
6265,131.3,10
6270,90.5,30
6275,106,0
6280,107.3,10
6285,89.3,0
6290,105.3,10
6295,113.5,20
6300,160.6,10
6305,67.3,20
6310,107.1,30
6315,151.6,20
6320,125.3,20
6325,113.2,10
6330,80.8,0
6335,163.3,10
6340,106.1,20
6345,97.5,10
6350,100.7,10
6355,134.9,20
6360,137.9,0
6365,104.3,30
6370,147.7,10
6375,109.1,10
6380,122.2,20
6385,87.7,20
6390,133.8,10
6395,117.2,20
6400,100.6,30
6405,84.5,10
6410,106.8,10
6415,56.7,10
6420,78.9,10
6425,110.8,10
6430,105.4,20
6435,104.2,10
6440,152.7,40
6445,120.1,10
6450,155.9,10
6455,124.8,10
6460,63.3,10
6465,96.9,10
6470,137,20
6475,79.6,20
6480,93,0
6485,118.3,10
6490,79.3,10
6495,108.7,20
6500,80.7,20
6505,102,10
6510,143.5,10
6515,133.4,10
6520,96.9,30
6525,101.7,0
6530,98.9,10
6535,96,30
6540,145.6,10
6545,106.9,20
6550,47.5,30
6555,103.9,10
6560,73.9,0
6565,78.8,10
6570,102.7,10
6575,131,10
6580,109.5,10
6585,102.5,20
6590,96.7,20
6595,80.2,30
6600,127.5,0
6605,135.6,10
6610,108.4,30
6615,127.5,10
6620,98.6,30
6625,83.2,20
6630,71.4,0
6635,130.7,30
6640,81.9,30
6645,129.8,10
6650,134.9,20
6655,106.9,20
6660,86.9,20
6665,114.1,0
6670,103.7,0
6675,78.1,20
6680,95.9,10
6685,96.9,0
6690,111.5,10
6695,117.2,0
6700,67.9,20
6705,96.8,10
6710,108.6,20
6715,89.1,10
6720,122.1,0
6725,93.9,10
6730,101.1,20
6735,110.3,10
6740,82.4,0
6745,78.8,20
6750,121,20
6755,119.9,30
6760,98.3,10
6765,65,10
6770,130.5,10
6775,106,20
6780,136,0
6785,74.6,20
6790,69.8,10
6795,97.8,10
6800,91.6,10
6805,55.5,20
6810,70.4,30
6815,138,10
6820,137.3,20
6825,104.7,0
6830,129.5,20
6835,79,20
6840,100.4,20
6845,101.9,10
6850,110,20
6855,105.5,20
6860,129.5,10
6865,96.2,10
6870,95.8,0
6875,104.4,10
6880,116.1,10
6885,101.4,20
6890,115.7,20
6895,69.7,10
6900,107.2,0
6905,99.6,10
6910,98.6,10
6915,84.4,10
6920,88.6,10
6925,125.6,10
6930,103.9,10
6935,69,0
6940,105.7,0
6945,102,0
6950,85.3,10
6955,111.9,20
6960,137.9,0
6965,85.3,0
6970,87,20
6975,102.5,20
6980,87.5,0
6985,111.6,0
6990,116.7,0
6995,84.4,10
7000,102.7,20
7005,122.6,10
7010,77.4,10
7015,100.7,20
7020,77.1,0
7025,144.9,0
7030,70.7,0
7035,60.9,0
7040,67.4,10
7045,94.9,0
7050,75.7,10
7055,72.4,20
7060,100.6,10
7065,67.6,20
7070,91.1,0
7075,77.8,10
7080,96.4,0
7085,133.7,10
7090,115.9,0
7095,81.6,10
7100,102.4,0
7105,119.3,0
7110,92.8,0
7115,58.3,0
7120,116.8,10
7125,125.2,0
7130,83.2,0
7135,82.6,0
7140,92.8,0
7145,90.5,10
7150,130.6,0
7155,74.3,10
7160,110,10
7165,113.3,10
7170,82,10
7175,112.9,0
7180,107.4,0
7185,87.3,0
7190,107.4,10
7195,85,10
7200,109.7,0
7205,90.9,0
7210,157.3,0
7215,103.9,0
7220,124.1,10
7225,84,0
7230,93.8,10
7235,59.4,10
7240,112.5,0
7245,94.9,10
7250,99,10
7255,102.9,0
7260,135.1,0
7265,102,10
7270,81.2,0
7275,75.7,10
7280,108.4,0
7285,100.5,0
7290,111.1,10
7295,182.4,10
7300,99.6,10
7305,72.1,10
7310,104.8,10
7315,87.8,10
7320,90.6,0
7325,70.8,0
7330,84.9,10
7335,92.3,0
7340,98.9,0
7345,105.9,10
7350,55.6,0
7355,88.9,10
7360,88,10
7365,70.6,0
7370,83.5,10
7375,129.3,0
7380,84.9,10
7385,129.2,0
7390,103.3,0
7395,91.4,0
7400,118.1,0
7405,89.7,0
7410,90.8,0
7415,57.1,10
7420,89.1,0
7425,70.9,0
7430,109.2,10
7435,110.1,0
7440,113.3,0
7445,134.7,10
7450,111.5,0
7455,103.1,10
7460,89.1,0
7465,108.9,0
7470,94.9,10
7475,101.8,10
7480,102.4,10
7485,111.6,10
7490,96.9,10
7495,95.3,0
7500,79.1,10
7505,73.4,10
7510,69.1,0
7515,75.8,10
7520,99.2,10
7525,107.8,0
7530,72.1,0
7535,109.4,0
7540,158,10
7545,101.7,0
7550,136.7,0
7555,86.6,10
7560,67.8,0
7565,88.4,10
7570,118.8,0
7575,83.8,10
7580,108.4,10
7585,67.8,0
7590,100.9,0
7595,107.4,0
7600,81.3,10
7605,77.8,10
7610,109.4,0
7615,60.7,0
7620,96.7,0
7625,111.3,10
7630,110.9,10
7635,108.2,0
7640,110.8,0
7645,72.9,10
7650,97.4,0
7655,51,10
7660,71.2,10
7665,98.2,10
7670,85.9,10
7675,84.4,0
7680,99.3,10
7685,71.4,10
7690,62.4,0
7695,68.6,10
7700,81.9,0
7705,93.1,10
7710,102.7,10
7715,104.2,0
7720,97.2,10
7725,107.9,0
7730,85.9,0
7735,81.2,10
7740,103.9,0
7745,128.9,0
7750,96.9,0
7755,67,0
7760,84.2,0
7765,107.5,10
7770,77.3,10
7775,99.8,0
7780,102.1,0
7785,75.5,10
7790,65.1,0
7795,105.5,0
7800,95.3,0
7805,111.5,10
7810,143.9,0
7815,113.2,10
7820,76.4,0
7825,86.8,10
7830,69.5,0
7835,83.7,0
7840,87.2,10
7845,93.7,0
7850,108.7,0
7855,109,0
7860,74.3,0
7865,66.5,10
7870,72.8,10
7875,72.5,10
7880,109,10
7885,93.2,10
7890,62.6,10
7895,88.3,10
7900,87.2,0
7905,93.5,10
7910,84.7,0
7915,107.3,0
7920,88.9,10
7925,130.8,0
7930,106.7,10
7935,132.5,0
7940,129.1,10
7945,51.1,0
7950,57.5,10
7955,70.3,10
7960,67,0
7965,94.8,10
7970,94,10
7975,103.3,10
7980,102.8,0
7985,127.3,0
7990,97.6,10
7995,81.8,10
8000,102.2,10
8005,130.9,0
8010,65.3,0
8015,92.3,10
8020,84.7,10
8025,153.5,0
8030,95.2,10
8035,69.8,0
8040,101.8,10
8045,57.1,10
8050,63.8,0
8055,100.2,0
8060,85.9,0
8065,78.6,10
8070,88.8,10
8075,76.8,10
8080,119.7,0
8085,101,0
8090,79.9,10
8095,137.8,0
8100,113.3,0
8105,81.1,0
8110,80.9,0
8115,104.7,10
8120,63.7,10
8125,75.9,0
8130,118.1,0
8135,142,0
8140,73.5,10
8145,52,0
8150,84.8,0
8155,85.6,10
8160,88.7,0
8165,89,0
8170,94.9,10
8175,114.5,0
8180,98.3,0
8185,67.4,10
8190,103.8,10
8195,116,10
8200,98.6,0
8205,117.8,0
8210,82.8,0
8215,127.5,0
8220,127.3,10
8225,96.1,10
8230,103.7,10
8235,73.3,0
8240,127.5,0
8245,131.2,0
8250,81.7,10
8255,105.3,10
8260,60,10
8265,99.9,10
8270,96.5,0
8275,51.6,10
8280,88.1,10
8285,86.2,0
8290,61,0
8295,59.3,0
8300,78.3,10
8305,93.5,10
8310,87.7,10
8315,82.2,0
8320,109.1,0
8325,82.1,10
8330,97.9,0
8335,91.3,10
8340,152.4,10
8345,108.6,10
8350,96.6,10
8355,70.4,10
8360,91.3,10
8365,89.7,0
8370,68.4,0
8375,60,10
8380,110.3,0
8385,109,10
8390,74.2,0
8395,117,0
8400,48.1,0
8405,98.7,0
8410,74.6,10
8415,97.9,10
8420,68.2,0
8425,92.7,10
8430,88.6,10
8435,115.5,10
8440,85.4,0
8445,130.1,10
8450,85.6,10
8455,102.4,0
8460,80.9,0
8465,97.9,0
8470,60.7,0
8475,86.8,0
8480,68.2,10
8485,67.1,10
8490,54.5,10
8495,101.9,10
8500,113.9,10
8505,94.6,10
8510,71.4,0
8515,89.4,0
8520,91.8,0
8525,78.7,10
8530,72.2,0
8535,65.4,10
8540,69.2,0
8545,66.2,10
8550,99.5,0
8555,111.8,0
8560,118.3,10
8565,77.8,10
8570,87.7,10
8575,110.5,0
8580,50.1,0
8585,122.7,10
8590,110.1,0
8595,69.7,10
8600,104.3,10
8605,90,10
8610,94.3,0
8615,75.5,10
8620,92.8,0
8625,101.4,10
8630,101,0
8635,104.6,10
8640,59.6,10
8645,117.2,10
8650,114,0
8655,89.3,0
8660,80.9,10
8665,110,10
8670,86.3,10
8675,112,10
8680,79.8,10
8685,90.8,10
8690,47.4,0
8695,85.5,10
8700,97.2,0
8705,110.5,10
8710,136,0
8715,100.9,0
8720,92.9,0
8725,82.6,10
8730,86.8,10
8735,77.9,0
8740,65,0
8745,79.1,0
8750,115.2,0
8755,134.5,0
8760,96.8,0
8765,100.5,10
8770,85.4,10
8775,123.1,10
8780,74.4,0
8785,99.5,0
8790,85.4,10
8795,94.3,10
8800,57.5,0
8805,116.8,10
8810,143,10
8815,100.3,0
8820,89.5,10
8825,132.4,0
8830,99.1,10
8835,62.8,10
8840,112.5,10
8845,85,10
8850,86.9,0
8855,120,10
8860,65.1,10
8865,63.4,0
8870,128.5,0
8875,90.6,0
8880,84.1,10
8885,77.4,0
8890,92.3,10
8895,96.7,10
8900,55.6,0
8905,89.2,0
8910,96.7,10
8915,91.6,0
8920,99.1,10
8925,106.7,0
8930,104.9,10
8935,79,0
8940,137.6,0
8945,75.6,10
8950,78.9,0
8955,134.3,10
8960,90.9,0
8965,77.3,0
8970,76,10
8975,129.1,0
8980,66.9,0
8985,106,0
8990,76.3,0
8995,73.5,10
9000,84.8,0
9005,76.5,10
9010,78.5,10
9015,85.3,10
9020,87.5,0
9025,73,10
9030,144.4,0
9035,64.7,0
9040,102,0
9045,136.8,0
9050,107.9,10
9055,91.5,10
9060,114.8,10
9065,64,0
9070,101.1,10
9075,74.2,10
9080,65.6,10
9085,110.8,10
9090,72.7,0
9095,71.5,10
9100,92.7,0
9105,78.7,0
9110,69.5,0
9115,121.1,0
9120,85.9,0
9125,72.5,0
9130,104.4,10
9135,80.4,10
9140,92.3,0
9145,74,10
9150,77.8,10
9155,69.6,0
9160,82.5,10
9165,107.1,10
9170,65,0
9175,98.5,0
9180,75.8,0
9185,134.9,10
9190,80.2,0
9195,82.6,10
9200,104.9,10
9205,82.9,10
9210,118.3,10
9215,98.2,10
9220,135.8,10
9225,68.7,10
9230,81.7,0
9235,72.8,10
9240,127.8,10
9245,58.6,10
9250,70.2,10
9255,75.9,0
9260,93.8,10
9265,95.3,10
9270,70.6,0
9275,92.1,0
9280,123.4,0
9285,63.7,0
9290,52.5,0
9295,103.7,0
9300,71.4,0
9305,80.5,0
9310,75.9,10
9315,66.7,10
9320,74.5,0
9325,144.2,0
9330,107.8,0
9335,82.1,10
9340,85.2,0
9345,103.9,0
9350,89.4,0
9355,86.8,10
9360,78.4,0
9365,137.3,10
9370,118.7,0
9375,67.2,10
9380,110.5,0
9385,126.3,10
9390,72.9,10
9395,59,0
9400,62.5,10
9405,120.4,0
9410,90.1,0
9415,102.2,0
9420,90.8,10
9425,114.2,0
9430,100.1,0
9435,55.7,10
9440,139,10
9445,87.3,0
9450,65.8,10
9455,68.8,0
9460,95.3,0
9465,78.5,0
9470,89.9,0
9475,102.7,10
9480,76.7,0
9485,62.3,0
9490,85.7,10
9495,90.1,0
9500,92.7,0
9505,102.9,10
9510,93.7,0
9515,140.8,10
9520,87.8,0
9525,128.1,0
9530,78.9,10
9535,94.7,10
9540,101.7,0
9545,92.1,0
9550,59.5,0
9555,108.4,0
9560,100.7,10
9565,89,0
9570,89.3,0
9575,70.8,0
9580,102.8,10
9585,84.3,10
9590,76.5,10
9595,64.9,10
9600,65.4,0
9605,75.4,10
9610,61.9,10
9615,62.2,10
9620,103.5,10
9625,58,10
9630,104.5,0
9635,56.9,10
9640,75.1,10
9645,73.8,10
9650,75,0
9655,79.1,0
9660,86.3,0
9665,90.5,0
9670,72.2,0
9675,78.8,10
9680,75.8,0
9685,66.7,10
9690,76,0
9695,73.7,10
9700,55.8,10
9705,109.6,10
9710,92.5,10
9715,90.2,0
9720,80,0
9725,103.9,0
9730,72.9,10
9735,75.4,0
9740,82.2,10
9745,98.3,10
9750,73.4,0
9755,115.2,10
9760,86,0
9765,62.1,10
9770,84.5,10
9775,44.1,0
9780,73.1,10
9785,90.7,10
9790,59.4,0
9795,108.5,0
9800,63.3,0
9805,61.3,10
9810,79.9,0
9815,73.4,0
9820,77.6,0
9825,67.1,0
9830,66.7,0
9835,73.5,10
9840,88.7,0
9845,63.1,0
9850,90.8,10
9855,67.8,0
9860,80.1,0
9865,90.1,0
9870,78.6,10
9875,73.2,0
9880,76.1,0
9885,66.9,0
9890,95.3,0
9895,58.1,0
9900,52.1,0
9905,50.7,0
9910,70.9,0
9915,76.7,0
9920,70,0
9925,66.6,0
9930,78.9,0
9935,86.6,0
9940,62.6,0
9945,81.8,0
9950,86.8,0
9955,113,0
9960,54.6,0
9965,78.9,10
9970,81.4,10
9975,76.7,0
9980,79.6,0
9985,46.1,10
9990,70.5,0
9995,104.7,0
10000,66,10
10005,73.5,0
10010,57.5,0
10015,71.6,0
10020,71.9,0
10025,86,0
10030,71.2,0
10035,55.4,0
10040,86.2,0
10045,101.9,0
10050,108.6,0
10055,65.2,10
10060,89.4,10
10065,88.3,0
10070,56.5,10
10075,91.6,0
10080,87.6,10
10085,78.3,0
10090,58.2,0
10095,72.8,10
10100,52.6,10
10105,62.6,0
10110,121.7,0
10115,82.8,0
10120,84.1,0
10125,84.6,10
10130,76.7,0
10135,118.3,0
10140,101.3,0
10145,63.7,0
10150,50.3,0
10155,72.9,0
10160,56.3,10
10165,66.9,10
10170,61.9,0
10175,58.7,10
10180,72.7,0
10185,58.4,0
10190,76.5,10
10195,64.9,0
10200,46.9,0
10205,93.3,0
10210,91.8,10
10215,65.3,0
10220,56.3,10
10225,65.3,0
10230,70,0
10235,68.1,0
10240,60.1,0
10245,61.4,10
10250,61.4,0
10255,69.9,0
10260,93.9,10
10265,58.4,0
10270,73.9,0
10275,92.6,0
10280,94.3,10
10285,105.7,0
10290,74.8,0
10295,68.3,0
10300,104.6,10
10305,133.8,10
10310,88.3,0
10315,75.1,0
10320,60.5,0
10325,98.9,0
10330,75.2,0
10335,69.4,0
10340,72.1,10
10345,45.9,0
10350,51.8,0
10355,72.7,0
10360,72.6,0
10365,67.1,10
10370,65.3,0
10375,110.1,0
10380,53.2,0
10385,64.7,0
10390,71.7,10
10395,86.2,0
10400,62.5,0
10405,99.7,10
10410,87.5,0
10415,65.6,0
10420,52.8,0
10425,86.9,0
10430,68.2,10
10435,51,0
10440,92.8,10
10445,56.5,0
10450,58.8,0
10455,75,10
10460,65.8,0
10465,88.9,0
10470,85.6,10
10475,60.8,0
10480,50.2,0
10485,92.9,0
10490,61.7,0
10495,52.2,0
10500,109.2,0
10505,69,0
10510,76.2,0
10515,79.2,0
10520,73.8,0
10525,88.1,10
10530,70.8,0
10535,65.6,0
10540,93.7,0
10545,129,0
10550,104.7,0
10555,70,0
10560,80.8,10
10565,66.5,10
10570,91.5,0
10575,47.6,0
10580,93.9,10
10585,82.9,10
10590,56.9,10
10595,74.7,10
10600,79.3,0
10605,75.7,10
10610,79.9,0
10615,89.6,10
10620,87.5,0
10625,83.1,10
10630,61.1,0
10635,64.9,0
10640,91.8,0
10645,64.5,0
10650,76.3,10
10655,44.6,10
10660,74.1,0
10665,76.9,0
10670,118.7,10
10675,54.6,0
10680,70.4,0
10685,88.3,10
10690,46.2,0
10695,54.2,0
10700,80.5,0
10705,56.1,0
10710,93.2,10
10715,40.6,10
10720,69,10
10725,64.2,0
10730,42.5,0
10735,75.2,10
10740,96.7,0
10745,72.8,0
10750,89.5,10
10755,97.6,0
10760,89,10
10765,49.9,0
10770,61.8,0
10775,67.5,0
10780,67,0
10785,68.4,0
10790,79,0
10795,68.6,10
10800,76.2,0
10805,54.4,0
10810,74,10
10815,82.2,10
10820,79.9,0
10825,75.8,10
10830,70.2,0
10835,82.5,0
10840,101.5,0
10845,62.4,0
10850,88.5,0
10855,62.7,0
10860,72.5,0
10865,148,0
10870,82.9,0
10875,73,10
10880,62.8,10
10885,77.3,0
10890,72.6,10
10895,54.3,10
10900,87.8,0
10905,90.9,0
10910,87.6,0
10915,87.9,0
10920,78.5,10
10925,87.2,0
10930,102.9,0
10935,121.6,0
10940,95.6,10
10945,102.6,10
10950,72.5,10
10955,79.7,0
10960,39.7,0
10965,83,0
10970,92.4,10
10975,72.5,0
10980,113.7,0
10985,55.8,10
10990,80.9,10
10995,122.3,0
11000,71.3,0
11005,105,0
11010,97,0
11015,77.2,10
11020,90.2,0
11025,63.3,0
11030,101.8,0
11035,79.8,10
11040,65.5,0
11045,78.2,0
11050,94.1,10
11055,70.9,0
11060,54.5,0
11065,71.8,0
11070,70.3,10
11075,95.2,0
11080,92.9,0
11085,105.7,0
11090,72.9,0
11095,80.2,10
11100,75.9,0
11105,63.8,0
11110,66.4,0
11115,57.1,0
11120,85.6,10
11125,73.7,0
11130,87,10
11135,75.9,0
11140,97.7,10
11145,79.1,10
11150,64.2,0
11155,56.6,10
11160,95.4,0
11165,79.3,0
11170,64.3,0
11175,70.6,0
11180,81,10
11185,61.2,0
11190,104.1,0
11195,75,10
11200,58.3,0
11205,65.1,10
11210,46.2,0
11215,59.2,10
11220,62.8,10
11225,63,0
11230,143.6,0
11235,66.1,10
11240,80.7,10
11245,84.9,0
11250,88.1,0
11255,90.9,0
11260,138.5,10
11265,57.4,0
11270,62.7,10
11275,85.6,10
11280,52.8,0
11285,61,0
11290,63.5,0
11295,54.1,0
11300,109.9,0
11305,76.9,10
11310,78.5,0
11315,99.1,0
11320,44.1,10
11325,78.4,0
11330,78.9,10
11335,77.6,0
11340,97.9,0
11345,64.5,0
11350,60.2,0
11355,83.9,0
11360,84.3,10
11365,73.2,0
11370,55.2,0
11375,63,0
11380,102,10
11385,66.4,0
11390,78.9,0
11395,87.7,0
11400,48.8,0
11405,67.3,0
11410,74.2,10
11415,83.8,0
11420,81.4,10
11425,98.9,0
11430,87.8,0
11435,80.6,10
11440,88.4,0
11445,72.9,0
11450,103.3,0
11455,48.2,0
11460,45.7,0
11465,67.3,0
11470,72.2,0
11475,83.7,0
11480,85.2,0
11485,101.7,0
11490,68.8,0
11495,81,10
11500,93.8,0
11505,83.7,0
11510,83.3,0
11515,54.3,10
11520,75.5,10
11525,73.6,0
11530,70.3,0
11535,61.7,10
11540,46.8,10
11545,79.7,0
11550,42.1,0
11555,70.8,10
11560,74.7,10
11565,58.3,0
11570,70.2,0
11575,82,0
11580,61.9,0
11585,81.6,10
11590,43.4,10
11595,69.9,0
11600,46,0
11605,61,10
11610,96.8,0
11615,70.5,0
11620,45.6,0
11625,70.4,0
11630,69.9,0
11635,70.3,0
11640,71.8,0
11645,58.4,10
11650,60.9,0
11655,86.3,0
11660,53.8,0
11665,96.8,0
11670,53,0
11675,83.9,0
11680,41.2,0
11685,86.1,0
11690,75.4,0
11695,102,0
11700,54.9,0
11705,51.3,10
11710,72.7,10
11715,69,10
11720,55.4,0
11725,97.1,0
11730,54.6,10
11735,60.9,0
11740,113.8,0
11745,80.2,10
11750,117.7,10
11755,61.5,0
11760,83.8,10
11765,120.6,10
11770,63.7,0
11775,63.3,10
11780,50.6,10
11785,70.9,0
11790,41.3,0
11795,88.6,10
11800,58.1,0
11805,55,0
11810,65.3,0
11815,82.1,0
11820,69.1,0
11825,65.4,0
11830,72,0
11835,72.6,0
11840,72.2,0
11845,42.4,10
11850,46.9,0
11855,50.9,0
11860,80.7,10
11865,54.5,0
11870,73.3,0
11875,74.7,0
11880,61.5,0
11885,53.8,0
11890,68,0
11895,76.1,10
11900,79.3,0
11905,37.2,10
11910,70.2,0
11915,59.7,0
11920,46.8,0
11925,53.4,0
11930,64.1,0
11935,43.6,0
11940,52.1,10
11945,63.1,0
11950,71.6,10
11955,73.1,0
11960,76.5,0
11965,89.3,10
11970,60.2,0
11975,62.7,0
11980,85.8,0
11985,67.9,0
11990,87.6,0
11995,64.1,0
12000,57.8,0
12005,48.9,0
12010,87.9,0
12015,81.4,0
12020,59.8,0
12025,64.3,0
12030,73.7,0
12035,80.1,10
12040,76.3,0
12045,82.9,0
12050,70.1,0
12055,62.3,0
12060,95.9,10
12065,60,0
12070,69.1,0
12075,64.6,10
12080,97.1,0
12085,64.3,0
12090,76.4,0
12095,58.8,0
12100,90.3,10
12105,63.3,0
12110,69.9,0
12115,86,10
12120,58.8,0
12125,59.4,0
12130,77.4,0
12135,46.7,0
12140,60.8,0
12145,75.2,10
12150,80.2,0
12155,52.2,0
12160,62.3,0
12165,63.3,0
12170,80.8,0
12175,73.3,10
12180,69.3,0
12185,72.6,0
12190,65.7,10
12195,81.1,10
12200,91.7,0
12205,63,0
12210,73.4,0
12215,79,0
12220,69.2,0
12225,94.5,0
12230,59.5,0
12235,93.3,10
12240,72,10
12245,57,0
12250,59.5,0
12255,54.2,0
12260,83.6,0
12265,48.1,10
12270,48.4,0
12275,70.4,0
12280,72.9,10
12285,49,0
12290,53.8,0
12295,55.9,0
12300,96.1,10
12305,65.1,0
12310,65.1,0
12315,73.4,0
12320,58.6,0
12325,60,0
12330,65.1,0
12335,47.1,10
12340,80.7,0
12345,68.5,10
12350,46.1,0
12355,71.4,0
12360,96.7,10
12365,56.7,0
12370,50.2,0
12375,49.8,0
12380,73.7,0
12385,52.9,0
12390,82.6,0
12395,80.2,0
12400,51.3,10
12405,96.5,0
12410,58.9,0
12415,67.4,0
12420,48.2,0
12425,96,0
12430,67.8,0
12435,94,0
12440,53.7,0
12445,85.7,0
12450,86.9,0
12455,65.4,10
12460,81.9,0
12465,69,0
12470,43.7,0
12475,106.9,10
12480,47.7,0
12485,40.8,0
12490,77.8,0
12495,56,0
12500,56.9,0
12505,54.2,0
12510,62.4,10
12515,52.6,10
12520,66.1,0
12525,88.7,0
12530,71.3,10
12535,62.8,10
12540,80.4,0
12545,62.5,0
12550,39.7,0
12555,67.3,0
12560,88,10
12565,52.6,0
12570,81.2,10
12575,63.7,0
12580,64.9,0
12585,57.7,0
12590,62.8,0
12595,42.1,0
12600,57.4,0
12605,85.7,0
12610,83.4,0
12615,55.6,0
12620,54.5,0
12625,54.6,0
12630,73.5,10
12635,53,10
12640,66.9,0
12645,43.4,0
12650,51.8,10
12655,75.2,0
12660,86.2,0
12665,77.1,0
12670,62.2,0
12675,59.7,10
12680,65.3,0
12685,71.9,0
12690,69.5,0
12695,74,0
12700,60.5,0
12705,65.8,0
12710,68.7,0
12715,59.4,0
12720,84.6,0
12725,41.2,10
12730,68.4,0
12735,55.7,10
12740,72.1,0
12745,54.9,0
12750,64.2,10
12755,55.6,0
12760,56.3,0
12765,88.3,0
12770,87.6,0
12775,84.1,0
12780,74.2,0
12785,52.4,10
12790,85.8,10
12795,69.8,0
12800,71.8,10
12805,64.4,0
12810,80.8,0
12815,37.3,0
12820,63.5,0
12825,49.9,0
12830,58.3,0
12835,72.9,0
12840,56.1,10
12845,44.6,0
12850,60,0
12855,91.8,0
12860,78.4,0
12865,63.8,0
12870,72.9,0
12875,74.5,0
12880,90.7,0
12885,68.1,0
12890,88.3,0
12895,68.3,0
12900,53.1,0
12905,61.7,10
12910,68.2,10
12915,77.8,10
12920,63.3,0
12925,49.4,0
12930,55.6,0
12935,59.6,0
12940,66.9,0
12945,74,0
12950,76.8,0
12955,46.8,10
12960,60.6,10
12965,54.3,0
12970,66,10
12975,54.6,10
12980,61.6,0
12985,56.1,0
12990,58,0
12995,65,0
13000,53,0
13005,45.5,0
13010,49.4,10
13015,67.2,0
13020,70.2,10
13025,68.1,0
13030,48.6,0
13035,74.2,0
13040,59.6,0
13045,82.8,0
13050,73.5,0
13055,72.1,0
13060,50.6,10
13065,78.5,10
13070,66.2,10
13075,86.2,10
13080,49,0
13085,53,0
13090,67.7,0
13095,50.2,0
13100,65.5,10
13105,45.4,0
13110,66,10
13115,58.3,0
13120,56.1,0
13125,47.7,0
13130,70.6,0
13135,85.9,0
13140,57.1,0
13145,62.5,0
13150,68.9,0
13155,65.1,0
13160,68,0
13165,68.4,0
13170,95.9,0
13175,76.5,0
13180,60.7,0
13185,71.8,0
13190,97.6,0
13195,68.6,0
13200,71.4,0
13205,65.5,0
13210,85.5,10
13215,52.8,0
13220,49.9,10
13225,57.3,0
13230,52.9,10
13235,63.5,10
13240,43.2,0
13245,63.4,0
13250,76.8,0
13255,70.9,10
13260,78.5,0
13265,68.4,0
13270,62.9,0
13275,70.9,10
13280,68.5,0
13285,59,10
13290,112.8,0
13295,57.4,0
13300,67.2,0
13305,58.8,0
13310,69.5,0
13315,72.5,10
13320,87.9,0
13325,49,10
13330,43.7,0
13335,83.3,10
13340,60.4,0
13345,67.5,10
13350,64.6,10
13355,50.3,0
13360,99.1,0
13365,81.4,0
13370,73.1,0
13375,67.6,0
13380,64.1,0
13385,65.5,0
13390,61.8,0
13395,66.1,0
13400,61,10
13405,87.3,0
13410,55.9,0
13415,53.6,0
13420,50.9,10
13425,43.5,0
13430,38.2,0
13435,58,0
13440,69.3,0
13445,49.9,10
13450,60.8,0
13455,73.6,0
13460,85.5,0
13465,71.5,10
13470,57.5,0
13475,72.2,10
13480,80,10
13485,75.3,10
13490,94.5,0
13495,70,0
13500,44.4,0
13505,81.6,0
13510,52.1,0
13515,61,10
13520,54.3,0
13525,76.8,0
13530,46.2,0
13535,47.4,0
13540,52.9,0
13545,84,0
13550,46.7,0
13555,107,0
13560,54.6,0
13565,68.6,10
13570,58.6,10
13575,56.9,0
13580,70.7,0
13585,60.5,0
13590,82.4,0
13595,67.9,0
13600,55.1,10
13605,92.6,0
13610,70.3,0
13615,80.1,0
13620,77.9,10
13625,49.5,10
13630,65.2,0
13635,61.7,0
13640,40.8,10
13645,68.9,10
13650,76.4,0
13655,70.5,0
13660,42.9,0
13665,59.8,0
13670,54.7,0
13675,78.6,0
13680,50.1,0
13685,86.4,0
13690,42.5,0
13695,84.3,10
13700,49.6,0
13705,44.3,0
13710,70.1,0
13715,44.8,0
13720,61.8,0
13725,65.4,0
13730,71.5,10
13735,55.5,10
13740,54.7,10
13745,77.4,0
13750,110.3,0
13755,71.7,10
13760,69.2,0
13765,80.1,0
13770,78,0
13775,65.1,0
13780,43.6,0
13785,87.4,0
13790,59.3,10
13795,75,0
13800,74.8,0
13805,36,0
13810,112.6,0
13815,60.4,0
13820,67,0
13825,61.8,0
13830,50.3,10
13835,42,0
13840,66.9,0
13845,64.5,0
13850,67.3,10
13855,57.4,0
13860,62.5,0
13865,71,0
13870,86,10
13875,76,0
13880,69.5,0
13885,84.5,0
13890,48,0
13895,69.5,0
13900,64,0
13905,46.3,0
13910,89.8,0
13915,73.9,0
13920,95.6,0
13925,72.2,0
13930,80.9,0
13935,53.4,0
13940,67,0
13945,50.7,0
13950,64.4,0
13955,49.1,10
13960,48.2,0
13965,76.4,10
13970,83.8,10
13975,57.4,0
13980,79.9,0
13985,82.8,0
13990,66.9,0
13995,55.8,0
14000,82.3,0
14005,79.8,0
14010,83.5,10
14015,76.3,10
14020,55.1,10
14025,101.4,10
14030,52.1,10
14035,39.9,0
14040,77.9,0
14045,57.9,0
14050,62.4,0
14055,88.3,0
14060,62.6,0
14065,83.9,0
14070,63.4,10
14075,65.8,0
14080,78.1,0
14085,73.5,10
14090,65.6,0
14095,77.2,0
14100,93.5,0
14105,77.6,10
14110,46.1,0
14115,49.2,0
14120,81.9,0
14125,67.2,10
14130,40.1,0
14135,71.8,0
14140,90.8,0
14145,58.6,10
14150,67.7,0
14155,62.8,0
14160,102.4,0
14165,60.8,0
14170,84.3,0
14175,44.6,0
14180,56.4,0
14185,55.2,0
14190,91.6,0
14195,54.2,10
14200,86,10
14205,96.8,0
14210,65.4,0
14215,50.5,0
14220,47.4,10
14225,94.4,0
14230,68,0
14235,82.6,0
14240,72.7,0
14245,53.3,0
14250,34.8,0
14255,52.7,0
14260,40.4,0
14265,63.6,0
14270,76.2,10
14275,36.1,0
14280,54.5,10
14285,49.9,0
14290,52.7,0
14295,68.3,0
14300,70.2,0
14305,76.7,0
14310,73.3,0
14315,70.6,0
14320,53.1,10
14325,78,10
14330,59,10
14335,66.3,0
14340,67.2,0
14345,56,0
14350,64,0
14355,63.7,10
14360,62.9,0
14365,61.4,0
14370,79.4,10
14375,71.1,0
14380,70.8,0
14385,86.4,0
14390,89,0
14395,71.1,0
14400,70.9,0
14405,58.3,0
14410,65.1,0
14415,80,0
14420,66.5,0
14425,78.8,0
14430,85,0
14435,59.2,0
14440,37.1,10
14445,79.1,0
14450,64.9,0
14455,65.3,0
14460,55.2,0
14465,65.2,10
14470,88.5,0
14475,72.4,0
14480,59.8,0
14485,46.7,10
14490,101.6,0
14495,45.5,0
14500,73.7,0
14505,60.2,0
14510,77.8,0
14515,52.3,10
14520,62.5,0
14525,65.3,10
14530,85.2,0
14535,80.6,0
14540,68.8,0
14545,55.3,0
14550,88.8,10
14555,94.4,10
14560,47.5,10
14565,42.3,10
14570,58.1,0
14575,64.5,0
14580,63.6,0
14585,63.5,10
14590,47,0
14595,66.6,0
14600,62.3,0
14605,84.3,10
14610,48.7,0
14615,102.9,0
14620,106.8,10
14625,93.9,0
14630,87.4,0
14635,63.6,0
14640,72.6,0
14645,79.3,0
14650,51.4,0
14655,64.5,10
14660,70.3,0
14665,87.5,0
14670,82.9,0
14675,78.7,0
14680,72,0
14685,62.2,0
14690,63.4,0
14695,64.5,0
14700,72.2,0
14705,73.2,10
14710,64.1,10
14715,58.1,0
14720,66.9,10
14725,53.5,0
14730,66.9,0
14735,70.6,10
14740,62.4,0
14745,54,0
14750,63.2,0
14755,51.3,0
14760,74.5,0
14765,74.2,10
14770,94,0
14775,51.7,0
14780,86.6,10
14785,63.4,0
14790,69.6,0
14795,47.5,10
14800,72.9,10
14805,45.1,0
14810,77.6,0
14815,79.3,0
14820,78.3,10
14825,70.8,0
14830,78.1,0
14835,58.1,0
14840,87,0
14845,82.5,0
14850,67.2,0
14855,70.3,0
14860,65.7,0
14865,43.7,10
14870,30.1,0
14875,65.9,0
14880,80.9,0
14885,88.4,0
14890,85.3,0
14895,48.1,0
14900,76.7,10
14905,47.2,10
14910,59.6,0
14915,52.5,0
14920,57.9,0
14925,37.9,10
14930,91.4,0
14935,70.7,0
14940,55,0
14945,65,0
14950,91.7,0
14955,106.4,10
14960,64.5,0
14965,44.2,0
14970,52.9,0
14975,46.5,10
14980,37,0
14985,69,10
14990,47.3,10
14995,62,0
15000,63.1,0
15005,69.6,0
15010,79.1,0
15015,55.3,10
15020,56.8,10
15025,47.6,0
15030,69.8,0
15035,46.9,0
15040,73.2,0
15045,58.1,0
15050,67.8,0
15055,73.2,0
15060,55.5,10
15065,57.1,0
15070,67.3,10
15075,51.2,0
15080,66.4,10
15085,76,0
15090,69.9,0
15095,69,10
15100,53.7,0
15105,71,0
15110,65.2,10
15115,55,0
15120,59.9,10
15125,66.1,0
15130,102.8,0
15135,38.8,10
15140,52.4,0
15145,61,0
15150,63.5,10
15155,53.8,0
15160,112.9,0
15165,83.7,0
15170,59.9,0
15175,49.9,0
15180,77.4,0
15185,75.5,10
15190,67.7,0
15195,69.6,10
15200,50.7,0
15205,72.3,0
15210,70,0
15215,91.3,0
15220,86.9,0
15225,68.3,0
15230,79.7,10
15235,102.2,10
15240,90.4,0
15245,71.4,0
15250,55.7,0
15255,34.6,10
15260,65.2,0
15265,118.6,0
15270,56.3,0
15275,71.1,0
15280,56,0
15285,68.1,0
15290,85.4,0
15295,40.9,0
15300,52,0
15305,58.8,0
15310,66.9,0
15315,105.2,0
15320,69.5,0
15325,76.8,0
15330,67,0
15335,91,0
15340,68.7,0
15345,51.4,0
15350,51.9,0
15355,54.2,0
15360,79.5,0
15365,56.2,0
15370,64.9,0
15375,69.9,0
15380,64.6,0
15385,71.4,0
15390,99.7,0
15395,51.9,0
15400,89,0
15405,54.1,0
15410,44.4,0
15415,105.3,0
15420,53,0
15425,65.4,0
15430,63.2,0
15435,63.2,0
15440,85.4,0
15445,66.8,0
15450,111.8,0
15455,83.1,0
15460,71.4,0
15465,43.9,0
15470,76.9,0
15475,97.4,0
15480,94,0
15485,61.5,0
15490,61.1,0
15495,68,0
15500,50.4,0
15505,87.2,0
15510,86.8,0
15515,72,0
15520,75.4,0
15525,59.6,0
15530,63.9,0
15535,71.3,0
15540,80.8,0
15545,86.2,0
15550,99.9,0
15555,60.8,0
15560,80,0
15565,64.6,0
15570,71.1,0
15575,106.5,0
15580,81.4,0
15585,52.9,0
15590,66.8,0
15595,59.4,0
15600,90.7,0
15605,85.9,0
15610,105.2,0
15615,70.8,0
15620,58.3,0
15625,66.9,0
15630,57.9,0
15635,101,0
15640,110.4,0
15645,89.3,0
15650,65.3,0
15655,53.7,0
15660,52.9,0
15665,59.5,0
15670,45.1,0
15675,61.7,0
15680,103.4,0
15685,80.9,0
15690,76.2,0
15695,52.5,0
15700,128.7,0
15705,71.9,0
15710,40.4,0
15715,72.7,0
15720,100.4,0
15725,74.1,0
15730,45.8,0
15735,74.6,0
15740,67.2,0
15745,76.5,0
15750,71.9,0
15755,55.2,0
15760,70.3,0
15765,50.6,0
15770,50.4,0
15775,82.6,0
15780,68.8,0
15785,47.7,0
15790,63.6,0
15795,76.4,0
15800,61.4,0
15805,75.4,0
15810,60.1,0
15815,86.7,0
15820,65.8,0
15825,89.5,0
15830,61.3,0
15835,65.9,0
15840,62.5,0
15845,59.2,0
15850,63.2,0
15855,40.4,0
15860,49.7,0
15865,65.7,0
15870,57.4,0
15875,84.1,0
15880,45.7,0
15885,50.9,0
15890,58.2,0
15895,82.9,0
15900,48.3,0
15905,95.7,0
15910,79.9,0
15915,124.5,0
15920,65.9,0
15925,84.7,0
15930,80.4,0
15935,63.4,0
15940,98.3,0
15945,56.7,0
15950,76.1,0
15955,50.6,0
15960,66.4,0
15965,91.8,0
15970,87.7,0
15975,63.2,0
15980,89.4,0
15985,54.8,0
15990,93.1,0
15995,92.4,0
16000,69.9,0
16005,64.4,0
16010,115.4,0
16015,120.3,0
16020,63.3,0
16025,62.3,0
16030,74.6,0
16035,60,0
16040,64.6,0
16045,67.8,0
16050,93.8,0
16055,75.1,0
16060,57.4,0
16065,78.8,0
16070,74.9,0
16075,69.7,0
16080,48.9,0
16085,68.8,0
16090,46.7,0
16095,91.4,0
16100,87.9,0
16105,48.4,0
16110,58.1,0
16115,75.5,0
16120,70.3,0
16125,136.4,0
16130,84.4,0
16135,74.6,0
16140,81.6,0
16145,89,0
16150,65.3,0
16155,92,0
16160,57.7,0
16165,51.2,0
16170,63.1,0
16175,77.6,0
16180,116.7,0
16185,59.6,0
16190,113.6,0
16195,45.1,0
16200,102.1,0
16205,63.1,0
16210,75.3,0
16215,57.7,0
16220,98.2,0
16225,45.2,0
16230,89.3,0
16235,76.4,0
16240,53.5,0
16245,58.4,0
16250,48.9,0
16255,106.9,0
16260,71.1,0
16265,56.4,0
16270,53.9,0
16275,96.7,0
16280,97.9,0
16285,122.2,0
16290,60.2,0
16295,68.4,0
16300,66.2,0
16305,63.7,0
16310,69.7,0
16315,85.6,0
16320,104.8,0
16325,53.5,0
16330,64.1,0
16335,48.5,0
16340,70.6,0
16345,62.4,0
16350,93.6,0
16355,78.8,0
16360,82.9,0
16365,76,0
16370,71.7,0
16375,59.7,0
16380,45.1,0
16385,80.7,0
16390,106.1,0
16395,82.2,0
16400,69.1,0
16405,98.8,0
16410,76.6,0
16415,66.3,0
16420,96.4,0
16425,72.2,0
16430,50.1,0
16435,77.8,0
16440,70.9,0
16445,87.1,0
16450,47,0
16455,100.7,0
16460,46.9,0
16465,55.4,0
16470,54.1,0
16475,65.7,0
16480,56.7,0
16485,74.6,0
16490,87.8,0
16495,55.3,0
16500,37.9,0
16505,94.2,0
16510,74.2,0
16515,44.8,0
16520,72.4,0
16525,89,0
16530,87.9,0
16535,101.6,0
16540,56.3,0
16545,114.4,0
16550,37.8,0
16555,83,0
16560,74.5,0
16565,90.8,0
16570,62.9,0
16575,98.6,0
16580,101,0
16585,81.4,0
16590,87.4,0
16595,62.8,0
16600,64.1,0
16605,86.1,0
16610,77.9,0
16615,56.6,0
16620,36,0
16625,51.4,0
16630,62,0
16635,94.7,0
16640,54.3,0
16645,81,0
16650,87.8,0
16655,60.9,0
16660,113.2,0
16665,63.5,0
16670,63.4,0
16675,70.8,0
16680,90.3,0
16685,76,0
16690,95.5,0
16695,83.7,0
16700,73.1,0
16705,60,0
16710,86.4,0
16715,86.1,0
16720,103,0
16725,65.6,0
16730,49.8,0
16735,88.3,0
16740,102.1,0
16745,73.3,0
16750,42,0
16755,133.2,0
16760,96.7,0
16765,55.7,0
16770,53.4,0
16775,57.4,0
16780,87.6,0
16785,106.9,0
16790,112.8,0
16795,87.2,0
16800,57.3,0
16805,82.4,0
16810,67,0
16815,58.1,0
16820,54.1,0
16825,77.2,0
16830,62.7,0
16835,67.6,0
16840,56.2,0
16845,95.5,0
16850,101.3,0
16855,74.8,0
16860,62,0
16865,81.3,0
16870,86.8,0
16875,70.3,0
16880,58.2,0
16885,103.2,0
16890,109,0
16895,63.7,0
16900,69.8,0
16905,54.2,0
16910,64.7,0
16915,70.8,0
16920,76.9,0
16925,67.7,0
16930,62.9,0
16935,82,0
16940,49.9,0
16945,76.3,0
16950,71.7,0
16955,78,0
16960,74.1,0
16965,109.1,0
16970,63.6,0
16975,102,0
16980,64.2,0
16985,93.6,0
16990,64.1,0
16995,76.8,0
17000,83.9,0
17005,87.9,0
17010,52.7,0
17015,66.6,0
17020,70.7,0
17025,41.5,0
17030,60,0
17035,104.9,0
17040,63.1,0
17045,78.4,0
17050,108.9,0
17055,53.4,0
17060,94.4,0
17065,76.3,0
17070,57.3,0
17075,76.9,0
17080,58.4,0
17085,51.2,0
17090,100,0
17095,58.4,0
17100,59.7,0
17105,96.5,0
17110,76.3,0
17115,79.7,0
17120,60.8,0
17125,54.9,0
17130,90.4,0
17135,75,0
17140,87.3,0
17145,70.5,0
17150,62.4,0
17155,117.3,0
17160,88.2,0
17165,68,0
17170,85.6,0
17175,67.1,0
17180,57,0
17185,80.8,0
17190,86,0
17195,51.5,0
17200,107.5,0
17205,79.8,0
17210,87.6,0
17215,79.5,0
17220,65.3,0
17225,91.3,0
17230,70.1,0
17235,52.1,0
17240,44.5,0
17245,90.1,0
17250,87.7,0
17255,55.3,0
17260,59.6,0
17265,70.4,0
17270,74.3,0
17275,69.7,0
17280,101.7,0
17285,95.3,0
17290,82.8,0
17295,76.6,0
17300,50.4,0
17305,80,0
17310,110.1,0
17315,66.7,0
17320,81.5,0
17325,102.7,0
17330,106.5,0
17335,72.5,0
17340,91,0
17345,56.1,0
17350,141.3,0
17355,99.5,0
17360,90.3,0
17365,72.7,0
17370,100.9,0
17375,63.5,0
17380,74.8,0
17385,83.1,0
17390,69.2,0
17395,68.3,0
17400,68.3,0
17405,85,0
17410,119.1,0
17415,95,0
17420,60.4,0
17425,95.7,0
17430,72.9,0
17435,73.4,0
17440,72,0
17445,83.5,0
17450,76.1,0
17455,56.4,0
17460,90.7,0
17465,63.8,0
17470,52.7,0
17475,90.9,0
17480,65.4,0
17485,60.4,0
17490,89.8,0
17495,93,0
17500,104.8,0
17505,74,0
17510,80.8,0
17515,94.1,0
17520,94,0
17525,100.4,0
17530,47.7,0
17535,72.9,0
17540,92.6,0
17545,77.4,0
17550,69,0
17555,80.1,0
17560,69.2,0
17565,72.5,0
17570,71.2,0
17575,82.8,0
17580,94.3,0
17585,69.9,0
17590,68.6,0
17595,96.6,0
17600,80.9,0
17605,77.1,0
17610,72.3,0
17615,61.7,0
17620,95.7,0
17625,72,0
17630,63,0
17635,57.4,0
17640,113.9,0
17645,72.3,0
17650,106,0
17655,76.7,0
17660,80.6,0
17665,86.8,0
17670,137.9,0
17675,59,0
17680,71.5,0
17685,87.6,0
17690,76.5,0
17695,68.4,0
17700,107.6,0
17705,67.1,0
17710,79.1,0
17715,57.4,0
17720,69.8,0
17725,58.1,0
17730,71.5,0
17735,66.5,0
17740,112.9,0
17745,66,0
17750,96.1,0
17755,91.6,0
17760,102.5,0
17765,84.4,0
17770,55.3,0
17775,148.9,0
17780,57.4,0
17785,88.1,0
17790,70.8,0
17795,88.2,0
17800,70.4,0
17805,72.8,0
17810,65.8,0
17815,68.5,0
17820,68.7,0
17825,57.2,0
17830,118.3,0
17835,74.9,0
17840,100.9,0
17845,116.7,0
17850,76.3,0
17855,58.5,0
17860,75.7,0
17865,91.3,0
17870,109.9,0
17875,71.8,0
17880,101.2,0
17885,79.9,0
17890,75.7,0
17895,68.4,0
17900,147.5,0
17905,44.1,0
17910,86.2,0
17915,75,0
17920,82.7,0
17925,66,0
17930,47.9,0
17935,67.7,0
17940,44.2,0
17945,50.8,0
17950,72.4,0
17955,99.3,0
17960,110.2,0
17965,58.9,0
17970,84,0
17975,108.6,0
17980,46.4,0
17985,77,0
17990,64.9,0
17995,73,0
18000,57.1,0
18005,45.1,0
18010,99.6,0
18015,115.3,0
18020,90.3,0
18025,76.6,0
18030,119.7,0
18035,70.1,0
18040,77.5,0
18045,92.9,0
18050,128,0
18055,84.3,0
18060,64.7,0
18065,67.2,0
18070,78.5,0
18075,105.3,0
18080,49.4,0
18085,61,0
18090,105.3,0
18095,73.5,0
18100,61.9,0
18105,79,0
18110,79.7,0
18115,127.5,0
18120,47.9,0
18125,107.2,0
18130,87.2,0
18135,88,0
18140,124.4,0
18145,79.1,0
18150,93.8,0
18155,81.8,0
18160,60.7,0
18165,88.9,0
18170,124,0
18175,45.4,0
18180,85.6,0
18185,67.6,0
18190,96.7,0
18195,64.2,0
18200,107.1,0
18205,61.7,0
18210,90.3,0
18215,44.8,0
18220,92.7,0
18225,89.8,0
18230,60,0
18235,61.3,0
18240,78.6,0
18245,70.8,0
18250,130.8,0
18255,79.2,0
18260,94.2,0
18265,106.3,0
18270,63.1,0
18275,69.5,0
18280,44.1,0
18285,101.2,0
18290,52,0
18295,124.1,0
18300,102,0
18305,95,0
18310,84,0
18315,96.2,0
18320,80,0
18325,66,0
18330,92.7,0
18335,102.5,0
18340,109.8,0
18345,116.4,0
18350,130.5,0
18355,95.4,0
18360,61.5,0
18365,76.7,0
18370,68,0
18375,101.5,0
18380,88.8,0
18385,68.2,0
18390,94,0
18395,100.8,0
18400,130.1,0
18405,98.8,0
18410,114.3,0
18415,52.7,0
18420,119.1,0
18425,103,0
18430,40.6,0
18435,108.5,0
18440,96.7,0
18445,119.7,0
18450,76.9,0
18455,58.1,0
18460,49.1,0
18465,83.6,0
18470,53.8,0
18475,84.4,0
18480,131,0
18485,113.2,0
18490,54.5,0
18495,66,0
18500,63.3,0
18505,69,0
18510,74.3,0
18515,89.8,0
18520,107.2,0
18525,84.2,0
18530,70.3,0
18535,101.1,0
18540,77.8,0
18545,84.5,0
18550,81.3,0
18555,85.4,0
18560,87.3,0
18565,80.8,0
18570,79.3,0
18575,90.1,0
18580,63.6,0
18585,68.3,0
18590,130.8,0
18595,113.1,0
18600,84.5,0
18605,91.9,0
18610,84.1,0
18615,174.9,0
18620,97.5,0
18625,98.1,0
18630,88.8,0
18635,92.4,0
18640,60.6,0
18645,74.5,0
18650,72.1,0
18655,93.2,0
18660,122.8,0
18665,67.6,0
18670,51.6,0
18675,111.8,0
18680,68.9,0
18685,90.6,0
18690,90.4,0
18695,68.2,0
18700,135.5,0
18705,104.6,0
18710,134.5,0
18715,73.4,0
18720,98.8,0
18725,105.4,0
18730,124.4,0
18735,94.7,0
18740,132.2,0
18745,116.1,0
18750,97.1,0
18755,59.8,0
18760,89.3,0
18765,82,0
18770,109.1,0
18775,81.8,0
18780,107.8,0
18785,106.3,0
18790,81.7,0
18795,51.9,0
18800,83.2,0
18805,101.3,0
18810,64.7,0
18815,61.9,0
18820,98.2,0
18825,85.8,0
18830,75.4,0
18835,104.4,0
18840,128.8,0
18845,101.6,0
18850,66.7,0
18855,72.2,0
18860,96.6,0
18865,108.8,0
18870,50.9,0
18875,82.4,0
18880,93.8,0
18885,92.5,0
18890,62,0
18895,103,0
18900,92.7,0
18905,80.2,0
18910,68.1,0
18915,125.6,0
18920,87,0
18925,89.5,0
18930,85.4,0
18935,126.1,0
18940,100.7,0
18945,98,0
18950,95.2,0
18955,80.3,0
18960,123.1,0
18965,117.4,0
18970,58.9,0
18975,107.6,0
18980,98,0
18985,144.7,0
18990,77.8,0
18995,150.9,0
19000,73,0
19005,82,0
19010,96.7,0
19015,87.3,0
19020,111.7,0
19025,106.5,0
19030,64.4,0
19035,70.7,0
19040,139.1,0
19045,88.8,0
19050,109.1,0
19055,82.2,0
19060,107.6,0
19065,123.2,0
19070,124.8,0
19075,94.1,0
19080,106.3,0
19085,103.3,0
19090,86,0
19095,113.1,0
19100,123.6,0
19105,86.9,0
19110,154.1,0
19115,116.1,0
19120,76.6,0
19125,77.6,0
19130,99.2,0
19135,102.5,0
19140,118.4,0
19145,90.8,0
19150,59.8,0
19155,92.5,0
19160,93.2,0
19165,91.4,0
19170,46.8,0
19175,85.9,0
19180,116,0
19185,75.2,0
19190,75.5,0
19195,73,0
19200,175.9,0
19205,106.1,0
19210,91,0
19215,119.2,0
19220,101.4,0
19225,98.1,0
19230,99.4,0
19235,89.5,0
19240,110.6,0
19245,77.7,0
19250,113.3,0
19255,37.5,0
19260,99.5,0
19265,66.1,0
19270,91.4,0
19275,68.9,0
19280,173.5,0
19285,110.4,0
19290,107.7,0
19295,130.2,0
19300,61.2,0
19305,123.3,0
19310,71.7,0
19315,119.3,0
19320,143.4,0
19325,75.4,0
19330,120,0
19335,129,0
19340,80.8,0
19345,136.3,0
19350,145.1,0
19355,105,0
19360,85.1,0
19365,118.8,0
19370,38.6,0
19375,111.8,0
19380,61.1,0
19385,130,0
19390,127.2,0
19395,139.7,0
19400,146.3,0
19405,50.1,0
19410,108.9,0
19415,82,0
19420,74.1,0
19425,73.6,0
19430,142.8,0
19435,92.2,0
19440,124.6,0
19445,92,0
19450,83.5,0
19455,100,0
19460,69.5,0
19465,50.6,0
19470,141.7,0
19475,103.4,0
19480,85.8,0
19485,124.4,0
19490,104.7,0
19495,63.4,0
19500,161.7,0
19505,80.5,0
19510,62.7,0
19515,127,0
19520,94.4,0
19525,90.7,0
19530,55.7,0
19535,68.8,0
19540,105.3,0
19545,75.4,0
19550,52.8,0
19555,64.4,0
19560,94.4,0
19565,74.6,0
19570,82.2,0
19575,108.8,0
19580,123.3,0
19585,50.1,0
19590,125.9,0
19595,124.2,0
19600,99.9,0
19605,97.3,0
