Iterations,VI avg moves,QL avg moves
0,243,360
5,302.1,200
10,265.7,340
15,253,340
20,185.9,340
25,463.7,310
30,191.4,280
35,362.8,320
40,257.2,350
45,319.2,260
50,399.2,340
55,290.3,270
60,201.1,260
65,509.2,250
70,198.6,310
75,297.2,320
80,166,240
85,404.5,330
90,305.9,310
95,391.3,380
100,369.8,350
105,349,290
110,204.5,360
115,264.6,330
120,283.3,300
125,277.6,230
130,302.6,310
135,503.6,290
140,255.1,370
145,281.8,310
150,313.2,250
155,196.5,310
160,252.6,250
165,337.1,390
170,519,220
175,208.3,280
180,291.7,260
185,322.3,350
190,284.9,320
195,308.6,370
200,293.8,320
205,260.2,290
210,149.8,190
215,255.9,250
220,329.8,300
225,287.2,170
230,319.2,260
235,241.2,320
240,268.8,350
245,269.4,330
250,163,290
255,338.1,310
260,196.7,330
265,395.9,310
270,200.1,270
275,466.7,350
280,362.1,350
285,269.8,340
290,133.8,320
295,431.3,290
300,298.9,310
305,241.1,200
310,201,320
315,235.5,310
320,207.2,290
325,177.7,300
330,340.8,380
335,219.7,310
340,592.6,380
345,209.7,350
350,304.3,350
355,182.2,330
360,328.1,330
365,236.3,350
370,276,280
375,300.5,250
380,233.4,240
385,190.9,300
390,224.6,350
395,333.3,340
400,358.9,270
405,221.5,250
410,339.5,290
415,286.9,300
420,246.4,280
425,253.4,370
430,285.1,320
435,182.2,320
440,303.8,260
445,430.1,360
450,177.8,360
455,273.7,330
460,290.7,330
465,308.3,280
470,289.6,250
475,351,330
480,356.9,280
485,295.7,330
490,215.1,330
495,228.6,300
500,370.8,240
505,345.4,390
510,202,290
515,191,350
520,317.9,270
525,287.5,310
530,228.8,380
535,275.5,280
540,377.9,340
545,237.9,340
550,220.8,390
555,337,320
560,166,340
565,343.9,270
570,198.2,300
575,214.7,330
580,243.7,290
585,240.1,350
590,302.9,340
595,224.7,350
600,219,360
605,255.2,290
610,259,340
615,283.4,370
620,169.4,340
625,242.2,240
630,149.3,300
635,208.5,240
640,347.5,210
645,185.4,300
650,202.2,350
655,320.6,260
660,323.3,260
665,295.3,270
670,243.4,350
675,298,240
680,350.3,360
685,234.3,320
690,318.9,290
695,297.3,250
700,271.6,290
705,259.7,300
710,287.9,350
715,185.7,360
720,316.7,350
725,254.5,310
730,358.5,370
735,289.5,250
740,192.4,370
745,196.3,260
750,213.1,360
755,310.2,260
760,394.9,230
765,352.1,300
770,246.7,320
775,186.7,260
780,209.3,370
785,318.2,300
790,274.3,270
795,190.5,240
800,217.3,380
805,129.2,360
810,200.2,300
815,171.6,300
820,374.5,240
825,156.9,212.7
830,195.4,210
835,250.2,272.7
840,259,320
845,248.6,302.7
850,222.3,330
855,207.5,270
860,349,330
865,226,340
870,197.3,310
875,218.2,270
880,285.8,280
885,207.8,332.7
890,244.4,270
895,244.3,360
900,232.4,270
905,264.1,240
910,231,252.7
915,258.7,210
920,257.8,350
925,305.6,320
930,130.2,390
935,312.4,252.7
940,161.8,202.7
945,337.6,260
950,363.1,332.7
955,442,300
960,197,330
965,394.3,282.7
970,187.5,440
975,389.2,282.7
980,200,282.7
985,305.6,275.4
990,217.4,300
995,290.3,340
1000,220.9,340
1005,200.5,252.7
1010,271.2,310
1015,324.6,350
1020,241.7,252.7
1025,254.5,410
1030,308.1,430
1035,219.5,302.7
1040,218.8,360
1045,203.4,320
1050,170.7,360
1055,340.7,230
1060,333.7,250
1065,325,372.7
1070,380.5,270
1075,295,322.7
1080,341.7,280
1085,184.4,400
1090,415.1,342.7
1095,222.1,480
1100,204.4,270
1105,245.1,300
1110,251.5,380
1115,313.8,390
1120,175.6,300
1125,360.5,280
1130,328.1,242.7
1135,360.7,392.7
1140,332.6,380
1145,297.1,260
1150,355.7,400
1155,404.5,440
1160,195.6,380
1165,360.7,172.7
1170,226.8,450
1175,160.9,380
1180,291.5,222.7
1185,212.9,240
1190,337.2,350
1195,235.6,330
1200,213.2,300
1205,309.8,300
1210,183.4,270
1215,250.1,370
1220,197.6,300
1225,234.1,292.7
1230,390.8,132.7
1235,238.8,282.7
1240,115.6,202.7
1245,294.7,382.7
1250,393.4,360
1255,154.2,310
1260,193.8,302.7
1265,241.4,410
1270,413.4,300
1275,197.4,302.7
1280,382.5,320
1285,192.8,220
1290,179,230
1295,178.8,240
1300,254.1,280
1305,321.8,310
1310,242.1,270
1315,189.5,370
1320,220,260
1325,361,310
1330,285.2,252.7
1335,157.2,270
1340,146,282.7
1345,386.7,220
1350,318.6,290
1355,335,320
1360,226.1,302.7
1365,236.7,252.7
1370,224.5,350
1375,242.7,262.7
1380,421.7,320
1385,259.4,270
1390,246.6,340
1395,279.9,250
1400,268,310
1405,224.3,260
1410,395.1,280
1415,277.2,200
1420,255.8,310
1425,209.4,270
1430,211.3,232.7
1435,209.3,330
1440,208.6,292.7
1445,274.3,250
1450,142.8,380
1455,172.5,320
1460,161.2,240
1465,264.4,280
1470,149.2,310
1475,378.7,290
1480,235.2,242.7
1485,209.1,260
1490,218.8,280
1495,254.3,322.7
1500,312.2,400
1505,231.7,290
1510,249.4,240
1515,268.7,272.7
1520,183.1,202.7
1525,358,320
1530,244.7,450
1535,229.7,282.7
1540,270.3,290
1545,196.6,222.7
1550,220.5,272.7
1555,164.5,420
1560,157.8,250
1565,177,382.7
1570,248.1,322.7
1575,250.6,350
1580,210.8,312.7
1585,142.3,300
1590,208.9,310
1595,218.1,290
1600,301.8,230
1605,342.9,290
1610,308.1,240
1615,341,300
1620,295.4,220
1625,258.9,300
1630,256.4,242.7
1635,198.3,290
1640,348.5,250
1645,393.8,340
1650,203.8,340
1655,269.4,242.7
1660,171.6,262.7
1665,181,310
1670,229.2,290
1675,367.2,330
1680,304.4,240
1685,276.2,370
1690,164.3,310
1695,226.7,220
1700,362.7,242.7
1705,288.1,232.7
1710,214.9,262.7
1715,191.6,272.7
1720,139.5,320
1725,145.4,220
1730,237.5,252.7
1735,209.8,310
1740,212.8,220
1745,217,362.7
1750,177,290
1755,429.3,250
1760,243.8,290
1765,174.4,300
1770,230.9,230
1775,179.7,310
1780,259.6,262.7
1785,231,210
1790,226.7,422.7
1795,232.6,302.7
1800,275.7,290
1805,271.6,190
1810,221.8,230
1815,208.3,320
1820,366.3,232.7
1825,173.5,200
1830,159.5,232.7
1835,223.2,400
1840,214.1,390
1845,197.1,280
1850,316.1,310
1855,260.6,372.7
1860,235,232.7
1865,201.8,250
1870,403,310
1875,200,310
1880,200.9,260
1885,162.6,300
1890,263.1,220
1895,243.4,210
1900,271.5,362.7
1905,258.8,290
1910,323.2,270
1915,244.8,270
1920,140.3,352.7
1925,258.6,240
1930,180.5,262.7
1935,237.2,232.7
1940,294.3,280
1945,167.9,360
1950,165.8,260
1955,275.8,190
1960,281,412.7
1965,272.4,320
1970,253.7,330
1975,224,370
1980,143.3,280
1985,246,310
1990,235,310
1995,156,400
2000,279.4,200
2005,290.1,390
2010,250.7,240
2015,276.7,310
2020,298.1,330
2025,376.2,340
2030,183,440
2035,167.1,220
2040,205.8,280
2045,284.7,340
2050,305.6,270
2055,233.2,320
2060,228.7,222.7
2065,177.8,360
2070,173.4,440
2075,276.6,300
2080,186,280
2085,303.6,420
2090,148.5,350
2095,202.2,192.7
2100,202,410
2105,290.9,370
2110,156.6,320
2115,265.4,450
2120,188.4,270
2125,342.9,250
2130,294.3,270
2135,335.1,260
2140,161.3,280
2145,293.1,322.7
2150,308.9,252.7
2155,298.3,282.7
2160,206.7,162.7
2165,246.5,230
2170,158.2,240
2175,199.4,240
2180,252.6,330
2185,167.7,220
2190,177.3,330
2195,195.7,360
2200,160.1,232.7
2205,143.7,242.7
2210,251.6,300
2215,197.3,240
2220,250.8,340
2225,200.3,280
2230,214.1,250
2235,160.7,320
2240,116.2,282.7
2245,299.1,260
2250,244.5,280
2255,256.9,280
2260,349.3,222.7
2265,214.3,300
2270,214.1,372.7
2275,188.8,312.7
2280,229.5,210
2285,185.6,240
2290,218.8,340
2295,200.7,390
2300,188.4,260
2305,201.3,300
2310,196.2,250
2315,283.2,420
2320,313.3,260
2325,156.6,240
2330,242.5,310
2335,188.6,260
2340,182,170
2345,218.3,420
2350,280,380
2355,147.2,412.7
2360,249.2,351.6
2365,287.8,290
2370,252.9,440
2375,156.1,290
2380,225,400
2385,236.6,161.4
2390,160.3,381.4
2395,315.5,382.7
2400,268.2,261.4
2405,286.1,242.7
2410,149,264.1
2415,207.9,340
2420,212,350
2425,280.9,431.5
2430,207.1,272.7
2435,156.9,321.4
2440,249.7,280
2445,202,402.7
2450,262.7,242.7
2455,218.2,310
2460,162.5,201.5
2465,193.7,350
2470,266.7,322.7
2475,321,202.6
2480,150.2,340
2485,271.4,192.7
2490,379.1,312.7
2495,239.4,330
2500,200.6,161.5
2505,196.7,292.7
2510,251.6,212.9
2515,167.4,352.7
2520,232.9,300
2525,168.4,241.5
2530,249.1,311.5
2535,248.4,300
2540,201.8,360
2545,271.4,303.9
2550,163.7,221.5
2555,216.7,281.2
2560,212.8,222.7
2565,192.1,252.7
2570,184.8,233.9
2575,154.4,261.5
2580,197,351.5
2585,182.5,351.5
2590,470.7,341.5
2595,151,250
2600,212.1,202.7
2605,214.1,460
2610,310.3,272.7
2615,140.8,231.5
2620,185.9,221.2
2625,237.8,211.2
2630,196.2,350
2635,252,240
2640,189.5,430
2645,191.8,390
2650,206.6,392.7
2655,174.3,360
2660,168.2,332.7
2665,193.2,341.2
2670,189.5,370
2675,159.2,401.5
2680,210.8,440
2685,341,391.5
2690,173.2,281.2
2695,221,401.5
2700,150.3,160
2705,203.6,440
2710,360.5,393.9
2715,290.7,371.5
2720,231.5,321.5
2725,148.5,380
2730,196.4,221.2
2735,141.8,350
2740,210.8,391.5
2745,123.4,402.7
2750,248.8,512.7
2755,176.6,380
2760,325.7,410
2765,336.8,271.2
2770,209.7,512.7
2775,295.4,210
2780,237.6,370
2785,249.7,220
2790,211.5,353.9
2795,188.5,351.4
2800,247.3,392.7
2805,191.6,271.4
2810,171.9,461.4
2815,194.9,291.2
2820,246.2,280
2825,176.7,460
2830,204.5,460
2835,146.8,281.4
2840,278.6,521.2
2845,254.6,560
2850,351,590
2855,184.5,392.7
2860,144.3,470
2865,184.1,282.7
2870,169.9,522.7
2875,203.6,380
2880,192.6,352.7
2885,240.5,411.4
2890,234.4,320
2895,333.4,420
2900,297.9,441.2
2905,218.6,344.2
2910,238.8,310
2915,181.4,342.6
2920,176.1,632.7
2925,162.6,421.2
2930,167.4,382.7
2935,215.3,600
2940,185.2,431.5
2945,157,332.7
2950,218.8,432.7
2955,245.9,370
2960,180.1,301.5
2965,124.7,454.2
2970,245.5,502.6
2975,337.6,452.7
2980,198.7,280
2985,241.5,331.4
2990,201.1,410
2995,146.1,432.7
3000,277,202.7
3005,175,305.3
3010,260.3,291.4
3015,222.8,461.5
3020,175.8,501.2
3025,266.6,390
3030,235,383.9
3035,200.2,172.7
3040,305.6,382.7
3045,331.4,191.4
3050,256.1,342.6
3055,229.8,335.3
3060,228.2,362.7
3065,194.1,422.9
3070,258,354.2
3075,236.4,404.1
3080,268.5,550
3085,314.5,396.6
3090,180.8,256.9
3095,192.6,451.4
3100,220.4,462.9
3105,202.4,422.6
3110,156.2,401.4
3115,185.2,444.3
3120,199.3,481.2
3125,224,511.4
3130,311,351.2
3135,133.8,282.8
3140,207.4,315.3
3145,170,461.2
3150,122.9,262.7
3155,246.7,352.7
3160,197.2,222.4
3165,225.6,304.1
3170,247.8,354
3175,243.9,262.7
3180,187.4,291.5
3185,133.3,262.6
3190,169.9,305.3
3195,304,372.7
3200,242.5,571.4
3205,330.1,222.6
3210,170.5,334.2
3215,110.4,255.4
3220,167.8,175.4
3225,208.2,272.6
3230,247.8,372.7
3235,307.3,262.6
3240,137,402.7
3245,282.5,433.8
3250,192.3,223.9
3255,203.1,332.7
3260,246.1,513.8
3265,196,491.2
3270,150.6,362.6
3275,231.6,224
3280,157.6,511.2
3285,147,174
3290,218.8,252.5
3295,187.5,362.5
3300,175.2,292.5
3305,290.8,471.2
3310,261,311.3
3315,204.7,462.6
3320,258.2,395.4
3325,136,331.2
3330,162.3,204
3335,193.6,451.3
3340,124.1,494
3345,205.7,271.3
3350,173.5,414
3355,169.7,430
3360,215.9,302.7
3365,152.3,531.4
3370,188.1,291.2
3375,180.4,272.6
3380,129.8,291.2
3385,218,260
3390,99.5,420
3395,187.6,372.4
3400,218.7,411.2
3405,184.1,312.7
3410,248.8,325.1
3415,167.6,392.7
3420,277,531.4
3425,260.3,375.2
3430,188,283.7
3435,186.5,164.2
3440,180.8,315.5
3445,225.2,244
3450,166.2,252.9
3455,226.4,202.7
3460,145.8,302.5
3465,217.9,342.5
3470,223.5,271.2
3475,217.4,333.9
3480,178.8,300
3485,195.1,282.7
3490,212.7,292.5
3495,172.4,452.7
3500,206.8,343.9
3505,255.4,302.5
3510,161,332.5
3515,158.9,335.2
3520,243.5,351.3
3525,223.6,381.2
3530,233.7,304.1
3535,138.2,542.7
3540,199.8,450
3545,181,221.2
3550,225.8,323.8
3555,176.2,342.6
3560,195.2,381.2
3565,192.4,392.5
3570,203.9,302.5
3575,200.7,245.1
3580,164.2,322.7
3585,189.6,331.2
3590,132.1,332.6
3595,237.1,402.4
3600,208.1,355.3
3605,188.5,243.9
3610,158.6,372.4
3615,121.6,392.5
3620,216.3,252.5
3625,156.9,453.9
3630,198,325.4
3635,139.5,372.5
3640,197.4,333.9
3645,164.3,325.7
3650,182.4,185.6
3655,153,314.2
3660,161.8,242.8
3665,161.4,261.2
3670,137.5,402.6
3675,158.1,48.2
3680,225.8,472.5
3685,202.6,306.7
3690,231.3,423.9
3695,131.4,355
3700,103.1,295.4
3705,244.8,341.6
3710,266.4,332.5
3715,104.8,175.6
3720,233.6,452.7
3725,252,432.5
3730,189.2,256.9
3735,141.2,411.3
3740,188.6,451.6
3745,198.3,271.3
3750,143.4,253.8
3755,181.8,294.2
3760,181.7,491.6
3765,202.3,431.6
3770,194.4,386.9
3775,228.8,322.5
3780,160,405.5
3785,246.5,293.7
3790,237.8,422.5
3795,143.5,153.8
3800,148.2,333.9
3805,182.7,522.6
3810,148.9,353.9
3815,154,334.1
3820,215.5,186.6
3825,128.9,348
3830,126.4,382.6
3835,159.6,581.4
3840,280.3,345.3
3845,190.4,235.2
3850,211.4,285.2
3855,111.8,315.2
3860,167.2,315.5
3865,160.4,472.6
3870,168.5,431.2
3875,208.8,462.7
3880,177,332.7
3885,149.5,323.9
3890,230.3,315.5
3895,197.8,392.5
3900,160.2,286.8
3905,161.7,275.2
3910,273.7,321.3
3915,191.2,581.4
3920,202.8,353.8
3925,135.5,534
3930,222.2,491.3
3935,224.6,303.8
3940,200,391.2
3945,170.6,611.4
3950,125.5,334.2
3955,127.9,226.5
3960,128.1,312.6
3965,158.8,445.3
3970,117.4,284.2
3975,173.8,364
3980,172.4,441.1
3985,174.8,305.2
3990,282.7,305.3
3995,163.9,452.7
4000,180.3,514
4005,191.4,216.6
4010,207.3,295.4
4015,257.1,354
4020,97.9,333.9
4025,174.3,265
4030,184.8,237.7
4035,148,325.1
4040,184.7,405.2
4045,113.5,67.7
4050,181.1,216.3
4055,243.8,216.8
4060,160.7,355.2
4065,142.7,195.4
4070,198.6,284.9
4075,125,158
4080,146,266.2
4085,211.1,257.9
4090,114.6,286.4
4095,202.2,167.3
4100,168,275.3
4105,168.3,432.6
4110,116.9,326.8
4115,97.8,293.5
4120,163.9,395.2
4125,202.5,246.3
4130,151.9,343.8
4135,136.9,395
4140,148.8,148.8
4145,271.8,94.8
4150,111.7,284.8
4155,143.8,325.1
4160,195.9,225.1
4165,120.1,324.9
4170,236.7,278
4175,140.6,276.2
4180,125.6,225.1
4185,139,316.3
4190,177.1,167.4
4195,163.5,97.4
4200,182.4,343.7
4205,161.2,216.1
4210,229.1,292.4
4215,184.5,259.1
4220,146,246.3
4225,177.8,314.2
4230,189.3,335
4235,148.9,284.7
4240,186.7,159.3
4245,160.4,39
4250,166.1,377.4
4255,196.5,215.1
4260,129.3,258.9
4265,292.9,227.5
4270,189.2,117.9
4275,146,196
4280,236.4,293.5
4285,139.9,156.5
4290,128.8,316.5
4295,282.5,156.3
4300,161.5,194.8
4305,149.4,233.8
4310,265.7,177.6
4315,180.2,284.9
4320,141.1,237.7
4325,191.6,324.9
4330,156.9,256.6
4335,256.6,264.9
4340,204.9,214.9
4345,178.7,343.7
4350,158.9,254.9
4355,120.1,194.8
4360,127.5,194.8
4365,225.9,297.6
4370,182,364.9
4375,151.3,194.9
4380,231.6,276
4385,236.1,406.5
4390,119.6,405.1
4395,148.5,256.2
4400,137.9,258.7
4405,120.6,277.5
4410,185.1,276.4
4415,168.5,314.9
4420,240,256.1
4425,199.8,297.9
4430,112.1,276.1
4435,187,306.2
4440,132,277.7
4445,127.5,276.6
4450,188.1,294.9
4455,146.6,238.8
4460,222.9,254.8
4465,102.2,267.8
4470,195.2,274.8
4475,134.2,315
4480,147,296.5
4485,256.1,324.9
4490,183.4,246.4
4495,138.1,187.3
4500,95.2,375
4505,138.2,147.7
4510,230.3,168
4515,202.9,267.7
4520,179.3,248.7
4525,151.8,285.1
4530,175.2,257.6
4535,257.4,278
4540,107.5,276.3
4545,193.8,314.7
4550,83.2,237.8
4555,141.2,237.7
4560,114.3,366.1
4565,121,376.8
4570,148.8,186.4
4575,167.4,286.1
4580,150.4,259.1
4585,158.2,147.1
4590,159,284.9
4595,143.3,306.3
4600,160.6,246.7
4605,224.4,325
4610,212.2,267.8
4615,131.3,326.3
4620,152.8,225.2
4625,120.6,276.1
4630,192.9,295.1
4635,237.1,267.7
4640,156.3,276.3
4645,148.3,229.2
4650,134,216.6
4655,222.7,186.8
4660,132.7,266.2
4665,127.1,196.6
4670,173,267.7
4675,187,333.7
4680,183.5,236.8
4685,129.9,307.9
4690,170.2,244.9
4695,156.8,177.7
4700,134,214.8
4705,147.9,296.4
4710,170,187.4
4715,222.4,306.3
4720,130.2,285
4725,97.1,238
4730,218.4,256.3
4735,181.4,256
4740,121.2,177.5
4745,143.6,284.8
4750,156.7,176.5
4755,150.4,266.2
4760,195.8,228.9
4765,153.1,266.9
4770,172.9,186.3
4775,126,167.4
4780,121.4,237.5
4785,111.6,276.4
4790,162.1,297.6
4795,171.4,276.4
4800,162.7,147.7
4805,209.8,257.3
4810,198.5,258.8
4815,170.4,237.8
4820,97.8,147.4
4825,93.9,246.3
4830,158.2,296.6
4835,188.6,296.3
4840,191.5,197.6
4845,168.8,267.6
4850,154.2,228.6
4855,154.9,296.2
4860,177.9,276.1
4865,160.9,268.1
4870,173.7,238.8
4875,193.7,138.9
4880,178.9,286.3
4885,158.9,138.9
4890,149.1,138.7
4895,161,228.9
4900,332.5,247.4
4905,169.6,167.5
4910,142.1,246.2
4915,131.5,268
4920,213,229.3
4925,176.6,257.5
4930,161.5,147.5
4935,184.7,156.5
4940,128.2,147.4
4945,196.4,276.4
4950,169.5,237.4
4955,208.6,228.9
4960,148.5,276.3
4965,147.2,276.5
4970,165.3,249
4975,134,229.2
4980,176,177.5
4985,107.3,267.4
4990,200.1,287.4
4995,240.3,267.1
5000,107.5,257.3
5005,155.6,167.6
5010,129.2,287.3
5015,141.6,267.6
5020,103.1,304.9
5025,153.3,228.9
5030,171.3,206
5035,120.6,258.2
5040,101.5,268.3
5045,93.2,286.1
5050,145.2,228.7
5055,118.9,276
5060,202.1,237.6
5065,153.1,138.5
5070,140.9,247.8
5075,186,238.9
5080,119,167.4
5085,162.9,257.8
5090,124.6,258.8
5095,148,138.6
5100,154.4,237.6
5105,124.4,237.7
5110,122.9,121.8
5115,186.6,119.9
5120,143.5,219.9
5125,211.9,58.9
5130,164.1,38.8
5135,152.7,186.2
5140,123.6,266.2
5145,146.1,297.2
5150,167.1,238.7
5155,150.2,21.5
5160,213.7,30.2
5165,118.8,148.6
5170,90,47.4
5175,140.2,258.6
5180,130.6,138.9
5185,175.1,156.1
5190,255.4,258.9
5195,253.3,238.9
5200,128.9,128.4
5205,172.2,158.8
5210,107.2,38.5
5215,127.6,129
5220,181.9,286.2
5225,168.7,138.8
5230,148,158.7
5235,173.9,120.1
5240,118,297.2
5245,213.4,266
5250,161.7,130.1
5255,85.1,21.4
5260,116.8,158.7
5265,135.5,157.6
5270,175,129.8
5275,151.6,130
5280,121.4,167.2
5285,161,128.6
5290,141.4,129.8
5295,130.4,129.7
5300,157.9,147.2
5305,140.4,128.6
5310,219.7,120
5315,165.5,129.9
5320,117.2,139
5325,197.6,157.4
5330,143.3,148.7
5335,162.1,128.6
5340,165.1,158.9
5345,175.9,157.3
5350,88.2,148.4
5355,121.2,158.8
5360,167,29.8
5365,130.2,128.3
5370,137.7,29.7
5375,183.4,148.6
5380,147.5,111.5
5385,126.2,128.7
5390,108.3,119.8
5395,195.6,149
5400,193.5,128.7
5405,173,119.8
5410,119,167.5
5415,129.1,148.3
5420,153.4,137.1
5425,90.1,139.8
5430,156.7,157.5
5435,112.4,47.2
5440,261.9,119.8
5445,175.1,146
5450,125.2,138.6
5455,115.6,119.8
5460,133.6,138.6
5465,132.7,129.9
5470,159.5,128.5
5475,109.9,147
5480,179.8,128.6
5485,101,129.7
5490,163.9,128.7
5495,184.5,29.6
5500,121.9,119.7
5505,150.7,120.2
5510,149.5,129.9
5515,124,38.4
5520,132.5,158.6
5525,129.8,21.1
5530,188.8,139.8
5535,124.9,21.2
5540,186.3,147.4
5545,166.6,30
5550,121.2,158.7
5555,114.9,140.1
5560,165.2,111.1
5565,158.4,38.4
5570,183.9,38.4
5575,180,129.9
5580,143.9,130.1
5585,171.2,119.9
5590,245.6,119.4
5595,178.2,137.4
5600,152,119.7
5605,133.7,129.8
5610,231,38.7
5615,224.9,137.4
5620,116.8,119.7
5625,143.6,38.5
5630,216,110.9
5635,138.8,38.3
5640,155.6,119.6
5645,166.4,119.8
5650,177.1,29.8
5655,111.8,29.8
5660,158.7,119.7
5665,127.5,137.5
5670,145,29.6
5675,132.7,119.5
5680,173.3,29.6
5685,167.6,137.1
5690,198.5,119.7
5695,165.9,119.6
5700,94,120.2
5705,181,110.8
5710,209.6,110.9
5715,138.3,137.4
5720,218.5,128.5
5725,126.9,110.9
5730,122.8,38.4
5735,94.1,119.8
5740,111.8,47.3
5745,101.1,111
5750,189.8,110.8
5755,168.9,128.3
5760,128.7,146.1
5765,188,120
5770,196.4,29.8
5775,148.8,30
5780,205.7,119.7
5785,128,38.7
5790,155.5,38.6
5795,97.6,128.5
5800,126.8,137.5
5805,225.5,47.1
5810,194.3,137.3
5815,129.7,120
5820,122.9,128.4
5825,182.2,119.8
5830,138.5,128.6
5835,180.1,119.8
5840,125.6,120
5845,127.4,111
5850,168.2,119.6
5855,127.8,119.8
5860,143.9,21.2
5865,93.4,128.6
5870,141.8,38.3
5875,166.3,137.2
5880,130.8,29.9
5885,210.7,119.5
5890,186.3,111.1
5895,152.7,128.6
5900,152.6,128.7
5905,141.4,38.6
5910,216.3,29.5
5915,138.2,111.1
5920,120.6,128.5
5925,179.3,119.9
5930,194.3,119.8
5935,167.7,128.5
5940,126.7,110.8
5945,145.2,38.6
5950,180.4,119.9
5955,180.4,38.4
5960,104.2,128.4
5965,144.4,128.6
5970,162.3,128.4
5975,187.5,137.3
5980,168.8,38.5
5985,158.9,29.8
5990,131.6,128.3
5995,119.7,21.1
6000,197.8,128.4
6005,124.9,119.7
6010,192.7,119.5
6015,119.7,29.5
6020,120,128.2
6025,197.4,128.7
6030,128.9,111.2
6035,122.3,128.2
6040,178.2,120
6045,101.2,137.2
6050,110.7,119.7
6055,189.3,119.3
6060,156.3,128.5
6065,172,128.7
6070,163.7,119.7
6075,156,119.8
6080,118.4,119.7
6085,139.1,128.3
6090,134.8,119.4
6095,192,128.6
6100,115.3,110.8
6105,115.8,110.9
6110,104.5,137.2
6115,175.7,119.7
6120,194.9,128.6
6125,226,119.4
6130,132.7,137.1
6135,98.1,119.8
6140,98.7,110.8
6145,103.7,110.7
6150,136.4,119.6
6155,124.2,119.7
6160,144.7,110.8
6165,150,110.8
6170,144.2,111.1
6175,104.2,128.3
6180,121.1,128.4
6185,141.7,146
6190,84.2,110.6
6195,138.4,137.2
6200,134.8,110.9
6205,121.6,29.3
6210,185.8,119.7
6215,164.8,119.7
6220,76.7,119.7
6225,218.9,110.9
6230,149.3,38.4
6235,133.6,21
6240,129.9,119.7
6245,206.7,119.6
6250,173.2,29.5
6255,133.2,21
6260,248,20.7
6265,199.4,20.7
6270,127.8,128.2
6275,152.2,11.7
6280,167.4,21.1
6285,113.4,12
6290,141.7,20.7
6295,138.1,119.3
6300,273.1,20.8
6305,95.2,119.4
6310,150,128.4
6315,183.9,119.5
6320,191.9,29.4
6325,150.1,20.7
6330,124.6,11.9
6335,244.8,20.8
6340,142.3,29.7
6345,139.9,110.8
6350,143.2,20.7
6355,195.1,119.5
6360,188.8,11.6
6365,163.6,128.6
6370,212.3,20.6
6375,146.8,20.6
6380,174.4,29.5
6385,111.9,29.9
6390,224,110.7
6395,184.7,119.3
6400,126.2,128
6405,121.9,110.8
6410,158,20.8
6415,89.2,20.8
6420,118.1,20.7
6425,151.6,20.8
6430,150.7,119.5
6435,153.8,110.9
6440,221.2,136.9
6445,195.7,20.6
6450,230.3,110.8
6455,202.8,20.4
6460,85.7,21
6465,119.7,20.8
6470,161.6,29.3
6475,128.6,29.2
6480,130.3,12.1
6485,165.5,20.6
6490,123.5,20.6
6495,154.4,29.6
6500,121.6,29.6
6505,129,20.9
6510,197.7,110.7
6515,211.9,20.4
6520,143.7,38.2
6525,135.1,11.7
6530,148.7,20.8
6535,131,38.2
6540,188.5,20.8
6545,171.4,29.4
6550,75.9,128.2
6555,146.7,20.6
6560,120,11.7
6565,122.8,20.5
6570,146.4,20.5
6575,192.5,110.7
6580,151.7,20.7
6585,143.2,29.7
6590,132.6,119.6
6595,108.5,38.5
6600,177,11.9
6605,191.2,110.4
6610,167.2,38.2
6615,169.2,20.6
6620,156.5,128.4
6625,110.6,29.3
6630,115,11.7
6635,201.8,38.4
6640,109.1,128.1
6645,168.9,20.4
6650,197,29.5
6655,143.9,119.3
6660,114.3,119.3
6665,155.9,11.7
6670,156.6,12.1
6675,108.3,119.5
6680,160.5,110.7
6685,131.8,11.5
6690,151.5,20.5
6695,165.2,11.9
6700,98.2,119.4
6705,129.1,20.5
6710,137.1,29.4
6715,132.1,20.7
6720,197.8,11.8
6725,151.1,20.6
6730,152.2,119.3
6735,179.3,20.9
6740,107.4,11.8
6745,115.3,29.3
6750,181.3,119.5
6755,177.9,128.2
6760,153.2,20.8
6765,93,20.5
6770,207,20.8
6775,169.1,119.6
6780,176.6,11.8
6785,120.4,29.5
6790,118,20.8
6795,143.6,20.9
6800,133.9,20.8
6805,78.5,29.4
6810,117,128
6815,188.6,20.6
6820,185.8,119.4
6825,149.5,11.6
6830,177.5,119.4
6835,121.4,29.3
6840,135.3,119.6
6845,149.1,110.6
6850,156.7,29.4
6855,166.6,29.4
6860,198.9,110.5
6865,136.4,110.5
6870,130.5,11.6
6875,170,20.5
6880,165.5,20.4
6885,136.6,119.2
6890,158.9,119.3
6895,91.8,20.4
6900,154.9,11.8
6905,132.4,20.4
6910,132.8,20.7
6915,123.4,20.5
6920,131.4,20.5
6925,196.7,20.7
6930,148.4,20.7
6935,115.2,11.7
6940,153.2,11.6
6945,146,11.8
6950,108.5,20.5
6955,171.9,29.4
6960,193.1,11.8
6965,128.9,11.8
6970,116.4,29.1
6975,145.3,29.3
6980,150.8,11.5
6985,170.4,12
6990,158.5,12.1
6995,117.2,20.3
7000,145.2,29.4
7005,172.5,20.4
7010,117,20.5
7015,150.7,29.4
7020,106.9,11.7
7025,203.7,11.6
7030,103.2,11.7
7035,76.3,11.9
7040,111.2,20.4
7045,140.6,12.1
7050,124,20.5
7055,118.2,29.4
7060,130.2,20.4
7065,98.4,29.3
7070,141.4,11.7
7075,105.2,20.3
7080,149,11.8
7085,183.1,20.4
7090,195.7,11.7
7095,122.5,20.4
7100,152.4,11.4
7105,160.9,11.8
7110,119.4,11.8
7115,82.6,11.6
7120,198.6,20.4
7125,169.4,11.7
7130,115.8,12
7135,122.5,11.7
7140,144.9,11.7
7145,118.7,20.5
7150,213.6,11.6
7155,102.2,20.8
7160,149.8,20.7
7165,166.3,20.4
7170,126.8,20.6
7175,163.9,11.8
7180,158,11.7
7185,125.4,11.5
7190,159,20.4
7195,124.1,20.5
7200,165.9,11.8
7205,129.8,11.8
7210,208.9,11.7
7215,136.1,11.8
7220,195.2,20.5
7225,126.8,11.7
7230,115.2,20.6
7235,82.8,20.4
7240,162.4,12
7245,141,20.4
7250,127,20.3
7255,131.6,11.8
7260,191,11.9
7265,149.6,20.3
7270,109.2,11.6
7275,112,20.3
7280,192.1,11.6
7285,140.6,11.7
7290,153.8,20.3
7295,264.8,20.3
7300,132.3,20.5
7305,96.6,20.7
7310,156.9,20.4
7315,136.2,20.5
7320,145.5,11.6
7325,99.2,11.4
7330,111.2,20.3
7335,135.7,11.7
7340,133.6,11.5
7345,165.6,20.6
7350,87.8,11.9
7355,136.2,20.6
7360,120,20.2
7365,103.1,11.4
7370,116.6,20.3
7375,167.7,11.8
7380,120.8,20.3
7385,205.2,11.7
7390,140.5,11.9
7395,122.3,11.7
7400,157.2,11.6
7405,119.4,11.5
7410,115.4,11.7
7415,82.2,20.1
7420,112,11.5
7425,112.1,11.5
7430,151,20.3
7435,143.9,11.7
7440,157.7,11.6
7445,228.9,20.5
7450,194.7,11.5
7455,145.6,20.3
7460,130.7,11.8
7465,158.2,11.6
7470,144.4,20.3
7475,140.5,20.3
7480,168.4,20.3
7485,159.9,20.2
7490,142.7,20.3
7495,137.2,11.7
7500,124.8,20.4
7505,105.8,20.2
7510,105.3,11.6
7515,112.5,20.4
7520,152.4,20.3
7525,136,11.5
7530,123,11.3
7535,155.4,11.5
7540,247.4,20.4
7545,150.4,11.6
7550,210.5,11.6
7555,137.6,20.4
7560,98.6,11.6
7565,149.2,20.1
7570,164.7,11.4
7575,113.4,20.4
7580,177.5,20.5
7585,116.9,11.7
7590,130.9,11.7
7595,162.3,11.7
7600,113.5,20.4
7605,104.1,20.3
7610,162.3,11.9
7615,93.5,11.5
7620,123.6,11.7
7625,190,20.5
7630,162.6,20.2
7635,150.6,11.5
7640,168,11.5
7645,115.1,20.3
7650,147,11.6
7655,76,20.4
7660,99,20.2
7665,176.2,20.1
7670,143.9,20.4
7675,141,11.4
7680,134.1,20.1
7685,105.6,20.4
7690,97.2,11.7
7695,101.7,20.3
7700,126.5,11.4
7705,127.2,20.5
7710,159.8,20.1
7715,157.4,11.6
7720,162.7,20.3
7725,178.9,11.6
7730,130.6,11.7
7735,110.2,20.3
7740,152,11.4
7745,191.6,11.5
7750,139,11.5
7755,97.9,11.4
7760,127.2,11.5
7765,157.4,20.2
7770,113.5,20.2
7775,136.2,11.6
7780,140.2,11.5
7785,109.4,20.3
7790,94.6,11.6
7795,153.3,11.6
7800,125.1,11.4
7805,162.8,20.3
7810,218,11.6
7815,163.5,20.5
7820,106,11.5
7825,127.5,20.4
7830,110.3,11.8
7835,128.6,11.5
7840,125.4,20.2
7845,130.9,11.6
7850,166.7,11.4
7855,156,11.4
7860,100,11.5
7865,103.4,20.2
7870,112.5,20.3
7875,107.5,20.3
7880,185.2,20.3
7885,123.1,20.1
7890,88.5,20.4
7895,116.9,20.3
7900,140,11.5
7905,146.8,20.3
7910,122.2,11.5
7915,160.2,11.4
7920,135,20.2
7925,185.9,11.5
7930,150.8,20.3
7935,220.4,11.4
7940,173.7,20.2
7945,79.7,11.6
7950,82.9,20.2
7955,99.5,20.3
7960,100.4,11.5
7965,125.6,20.1
7970,142.2,20.2
7975,160,20.2
7980,143.1,11.6
7985,193.4,11.5
7990,151.3,20.2
7995,116.8,20.1
8000,147.4,20.1
8005,214.6,11.4
8010,96.8,11.5
8015,139.7,20.3
8020,114.8,20.2
8025,260.3,11.5
8030,145.7,20.2
8035,110.5,11.4
8040,162,20.2
8045,88.6,20.2
8050,89.4,11.4
8055,150.4,11.4
8060,113.7,11.5
8065,121.3,20.3
8070,135.1,20.1
8075,124.9,20.2
8080,193,11.4
8085,140.4,11.3
8090,126.7,20.1
8095,207.1,11.4
8100,169.3,11.4
8105,127.3,11.4
8110,130.9,11.6
8115,144,20.4
8120,86.3,20.1
8125,115.6,11.3
8130,176.4,11.5
8135,213.3,11.4
8140,111.2,20.2
8145,76,11.4
8150,131,11.5
8155,109.8,20.2
8160,131.1,11.6
8165,121.8,11.4
8170,148.2,20.2
8175,176.7,11.5
8180,146.4,11.5
8185,107,20.3
8190,162.9,20.2
8195,150.4,20.1
8200,152.4,11.5
8205,169.2,11.6
8210,125.3,11.5
8215,186.3,11.3
8220,184.7,20.2
8225,125.9,20.2
8230,158.8,20.1
8235,122,11.5
8240,160.8,11.4
8245,182,11.5
8250,113.7,20.1
8255,158.9,20.1
8260,80.7,20.2
8265,171.3,20.2
8270,148.9,11.5
8275,83.9,20.1
8280,137.3,20.1
8285,138.1,11.4
8290,102.4,11.3
8295,82.2,11.4
8300,108.9,20.1
8305,133.1,20.2
8310,126.7,20.2
8315,131.9,11.4
8320,160.2,11.5
8325,105.8,20.3
8330,141.8,11.5
8335,126.2,20.2
8340,193.9,20.2
8345,178.3,20
8350,135,20
8355,102.1,20.1
8360,153.7,20
8365,129.5,11.4
8370,104.1,11.3
8375,83.7,20.2
8380,195,11.5
8385,156.1,20.2
8390,113.6,11.5
8395,141.6,11.4
8400,70.7,11.4
8405,151,11.4
8410,119.7,20.2
8415,125.4,20.2
8420,107.4,11.5
8425,139.9,20.2
8430,144.5,20.2
8435,196.3,20.1
8440,123.6,11.3
8445,209.4,20.2
8450,110.8,20.3
8455,148.3,11.4
8460,121.1,11.4
8465,153.6,11.5
8470,83.4,11.5
8475,121.5,11.5
8480,108.3,20.2
8485,98.3,20.2
8490,76.7,20.3
8495,159.8,20.2
8500,162.2,20.2
8505,141.8,20.1
8510,105.2,11.6
8515,132,11.3
8520,140.5,11.4
8525,120.2,20.2
8530,116.5,11.5
8535,101.9,20.3
8540,90.9,11.4
8545,94.8,20.2
8550,156.4,11.5
8555,201.5,11.4
8560,198.6,20.2
8565,117.3,20.2
8570,127,20.2
8575,149.5,11.4
8580,72.4,11.4
8585,180.7,20.2
8590,147.3,11.5
8595,102.9,20.1
8600,163.1,20.2
8605,130.7,20.2
8610,125.6,11.4
8615,112.7,20.3
8620,137.8,11.6
8625,141.5,20.3
8630,151,11.4
8635,167.6,20.2
8640,85.2,20.3
8645,176.9,20.3
8650,169.1,11.5
8655,129.9,11.5
8660,112.2,20.1
8665,147,20.2
8670,138,20.3
8675,166.6,20.1
8680,104,20.3
8685,144,20.2
8690,65,11.6
8695,105.9,20.2
8700,140.5,11.5
8705,176.9,20.3
8710,175.8,11.5
8715,170.1,11.5
8720,152.5,11.5
8725,124.4,20.2
8730,140,20.2
8735,137.6,11.5
8740,117.6,11.6
8745,116.4,11.5
8750,170.1,11.5
8755,221.8,11.4
8760,150.4,11.5
8765,152.5,20.3
8770,126,20.1
8775,179.6,20.3
8780,118.7,11.4
8785,147.7,11.4
8790,141.4,20.2
8795,133.1,20.2
8800,74.8,11.4
8805,185.2,20.3
8810,218.4,20.2
8815,172.6,11.4
8820,137.3,20.3
8825,231.1,11.3
8830,161.8,20.1
8835,88.1,20.2
8840,179.9,20.2
8845,150.7,20.2
8850,113.4,11.4
8855,189,20.3
8860,98.3,20.3
8865,102.6,11.3
8870,208.7,11.5
8875,121.4,11.5
8880,159.8,20.1
8885,118.5,11.5
8890,138.1,20.2
8895,165.3,20.3
8900,80.1,11.4
8905,120.4,11.3
8910,152.5,20.1
8915,139.8,11.4
8920,148.8,20.3
8925,165.8,11.4
8930,166.1,20.2
8935,119.8,11.4
8940,234.3,11.5
8945,107.3,20.3
8950,126.4,11.4
8955,198.6,20.2
8960,157,11.5
8965,118,11.3
8970,119.8,20.2
8975,191.2,11.4
8980,102.5,11.5
8985,176.8,11.4
8990,131.3,11.4
8995,99.4,20.3
9000,116.9,11.3
9005,121.3,20.2
9010,135.1,20.1
9015,116.7,20.2
9020,120.8,11.6
9025,113.8,20.2
9030,227.4,11.5
9035,87.2,11.4
9040,165.3,11.4
9045,190.9,11.6
9050,143.7,20.1
9055,140,20.2
9060,173.4,20.3
9065,107.1,11.5
9070,165.5,20.1
9075,109.4,20.3
9080,97.7,20.3
9085,156.5,20.2
9090,115.1,11.5
9095,108.3,20.3
9100,146,11.5
9105,118.4,11.7
9110,109.5,11.4
9115,177.2,11.3
9120,140.4,11.3
9125,110.8,11.2
9130,153.6,20.3
9135,123.9,20.2
9140,140.6,11.4
9145,132.5,20.1
9150,99.2,20.1
9155,105.5,11.4
9160,131.9,20.2
9165,169.9,20.2
9170,109.2,11.4
9175,158.1,11.4
9180,139.2,11.4
9185,227.7,20.3
9190,133.5,11.4
9195,144.8,20.1
9200,143.5,20.1
9205,124.7,20.1
9210,185.3,20
9215,174.5,20.2
9220,183,20.2
9225,91,20.1
9230,119.5,11.4
9235,114,20.3
9240,185.9,20.3
9245,90,20.3
9250,102.4,20.2
9255,120.9,11.3
9260,150.1,20.1
9265,128.8,20.1
9270,113.8,11.6
9275,158,11.6
9280,163.7,11.5
9285,99.4,11.5
9290,70.6,11.6
9295,167.1,11.7
9300,104.9,11.4
9305,136.2,11.4
9310,114.9,20.1
9315,93.6,20.1
9320,116.1,11.5
9325,202.9,11.5
9330,174.8,11.3
9335,123.3,20.1
9340,154.7,11.3
9345,147.7,11.5
9350,132.7,11.5
9355,142.8,20.1
9360,122.1,11.4
9365,200.4,20.2
9370,194.1,11.3
9375,104.4,20.2
9380,146.1,11.3
9385,192.9,20.2
9390,124.6,20.1
9395,83.7,11.5
9400,95.9,20
9405,193.2,11.4
9410,117,11.4
9415,147,11.3
9420,140.1,20
9425,165,11.3
9430,131.7,11.4
9435,82.6,20.1
9440,216.1,20.1
9445,124.6,11.4
9450,107.5,20
9455,107.6,11.3
9460,170.3,11.2
9465,118.3,11.3
9470,128.4,11.4
9475,151,20.1
9480,129.4,11.3
9485,95.6,11.4
9490,135.5,20.2
9495,144.5,11.3
9500,121.3,11.2
9505,157.5,20.1
9510,133.5,11.4
9515,210.9,20.1
9520,129.6,11.4
9525,222.8,11.2
9530,124.2,20
9535,137.7,20.1
9540,147.7,11.3
9545,130.1,11.2
9550,88.6,11.3
9555,177.2,11.4
9560,176.4,20
9565,116.1,11.3
9570,125.1,11.4
9575,113.9,11.2
9580,182.5,20.1
9585,138.1,20
9590,117.1,20.1
9595,111.7,20
9600,99.9,11.2
9605,110.2,20.1
9610,90.8,20.1
9615,92.9,20
9620,147.9,20.2
9625,92.5,20.1
9630,139.6,11.3
9635,90,20.1
9640,105.8,20.1
9645,108,20.1
9650,124.3,11.3
9655,129.4,11.3
9660,140.7,11.4
9665,141.2,11.4
9670,111.5,11.2
9675,109,20.2
9680,135.6,11.4
9685,124.6,20
9690,129.8,11.2
9695,124.6,20.1
9700,94.2,20.1
9705,173.4,20.1
9710,174.8,20.2
9715,138.1,11.2
9720,129,11.3
9725,168.1,11.5
9730,114.6,20
9735,107.6,11.3
9740,123,20.2
9745,135.8,20
9750,126.2,11.3
9755,155.4,20.1
9760,124,11.2
9765,119,20.1
9770,130.2,19.9
9775,74.3,11.1
9780,109.2,19.9
9785,126.4,20.2
9790,88.9,11.1
9795,166.1,11.2
9800,97.2,11.3
9805,95.5,20.1
9810,135.8,11.2
9815,113.9,11.3
9820,129.9,11.1
9825,106.8,11.4
9830,102.6,11.3
9835,121.2,20.2
9840,161.9,11.2
9845,101.6,11.1
9850,121.3,20.2
9855,106,11.1
9860,137,11.3
9865,137.7,11.2
9870,129.4,20
9875,103.2,11.3
9880,136.9,11.1
9885,109.3,11.1
9890,163.7,11.3
9895,94.9,11.2
9900,79.5,11.3
9905,90.5,11.2
9910,118,11.2
9915,134.1,11.1
9920,105.2,11.2
9925,106.5,11.2
9930,117.7,11.1
9935,124.5,11.2
9940,102.6,11.2
9945,111.2,11.2
9950,152.3,11.3
9955,171.8,11.1
9960,92.8,11.3
9965,156.2,19.9
9970,132.3,20.1
9975,120.1,11.3
9980,129,11.3
9985,79.3,20
9990,112.4,11.1
9995,145.7,11.3
10000,92.9,20.1
10005,100.9,11.2
10010,90.6,11
10015,110.1,11.2
10020,103.9,11.2
10025,151.4,11.1
10030,108.1,11
10035,94.4,11.1
10040,105,11
10045,161.4,11.3
10050,169.7,11.2
10055,104.7,20.1
10060,164.3,20.2
10065,131.6,11.3
10070,96.7,20.2
10075,130.5,11.2
10080,125.9,20
10085,118.1,11.3
10090,89,11.3
10095,98.8,20.1
10100,84,20
10105,119.1,11.2
10110,196.6,11.2
10115,103.9,11.3
10120,133.9,11.3
10125,140.3,20.2
10130,130.2,11.2
10135,169,11.2
10140,151.5,11.3
10145,128.2,11.3
10150,82.2,11
10155,133.5,11.2
10160,100.2,19.9
10165,100.7,20.2
10170,102.6,11.3
10175,112.6,20
10180,97.5,11.2
10185,93.3,11.2
10190,113.5,20.1
10195,98.5,11.2
10200,75.7,11.1
10205,168.3,11.2
10210,144.6,20
10215,126.5,11.2
10220,80.6,20
10225,92.2,11.3
10230,93.9,11.1
10235,104.9,11.1
10240,92,11.2
10245,94.2,20
10250,89.6,11.1
10255,98.5,11
10260,153.7,20
10265,101.2,11.4
10270,99.8,11.2
10275,145.6,11.4
10280,137.9,20.1
10285,186,11.1
10290,100.9,11.3
10295,115,11.3
10300,147.9,20.1
10305,212.3,19.9
10310,149.4,11.3
10315,112,11.2
10320,88.5,11.3
10325,168.9,11.3
10330,116.4,11.2
10335,99.3,11
10340,104.3,20
10345,73.5,11.3
10350,76.6,11.2
10355,116.5,11.1
10360,97.3,11.4
10365,88,20.1
10370,107.3,11.5
10375,170.5,11.2
10380,90.4,11.2
10385,95,11.2
10390,119,20.1
10395,149.7,11.2
10400,96.1,11.4
10405,146.1,20
10410,153.5,11.3
10415,105.7,11.3
10420,81.7,11.1
10425,128.2,11.1
10430,134.2,20.1
10435,84.6,11.3
10440,136.5,20.1
10445,90,11.4
10450,84.5,11.2
10455,111.3,20.1
10460,105.1,11
10465,127.5,11.1
10470,140.7,20.2
10475,112.2,11.3
10480,91.8,11.3
10485,158.6,11.2
10490,95.2,11
10495,78.6,11
10500,147.2,11.3
10505,117,11.3
10510,96.1,11.3
10515,133.8,11.2
10520,111.8,11.4
10525,122.3,20.1
10530,104.1,11.2
10535,109.4,11
10540,128.3,11.1
10545,193.5,11.2
10550,181.6,11.3
10555,107.1,11.2
10560,120.2,19.9
10565,88.4,20
10570,129.1,11.3
10575,77.3,11.2
10580,137.5,20
10585,130.9,20
10590,90.5,20
10595,113.8,20
10600,117.2,11.2
10605,110.1,20
10610,131.6,11.2
10615,136,20.2
10620,113.3,11.3
10625,125.2,20.1
10630,99.9,11.2
10635,95.2,11.2
10640,132,11.3
10645,99.2,11.3
10650,102.8,20.2
10655,70.3,20.1
10660,123.4,11.2
10665,120.1,11.2
10670,189.5,20
10675,90,11
10680,106.3,11.1
10685,158,20
10690,70.4,11.2
10695,78.4,11.2
10700,111.9,11.4
10705,95.6,11.2
10710,126.8,20.1
10715,73.6,20
10720,103.8,20
10725,94,11.2
10730,80.1,11
10735,125.5,20.2
10740,139.1,11.3
10745,115,11.2
10750,141.1,20
10755,156.7,11.4
10760,152.6,19.9
10765,83,11.2
10770,92.4,11.2
10775,102.7,11.2
10780,107.1,11.3
10785,118.3,11.1
10790,120.2,11.1
10795,109.1,20.1
10800,112.6,11.2
10805,95.2,11.1
10810,116.8,19.9
10815,135.1,20
10820,130.6,11.3
10825,136.9,20
10830,107.4,11.3
10835,132.2,11.2
10840,182.9,11.2
10845,94.7,11.2
10850,160.4,11.1
10855,91.4,11.1
10860,123.1,11.2
10865,217.9,11.2
10870,153.2,11.1
10875,106.2,20.1
10880,111.6,20
10885,119.1,11.2
10890,95.5,20
10895,92.7,19.9
10900,146.8,11.2
10905,120.8,11.2
10910,126.6,11.2
10915,156.2,11.2
10920,142.8,20.2
10925,150.4,11.1
10930,138.2,11
10935,172.5,11.4
10940,152.9,20.1
10945,150.1,20
10950,114.3,19.9
10955,116.3,11.2
10960,78.2,11.1
10965,116,11.1
10970,131.5,20
10975,109,11.2
10980,169.5,11
10985,102.5,20
10990,124.5,20.1
10995,171.9,11.2
11000,122.9,11.3
11005,158.8,11.2
11010,152.2,11
11015,120.9,20
11020,165.5,11.2
11025,95.2,11.1
11030,148.7,11.1
11035,138.7,20
11040,91.2,11.3
11045,108.5,11.1
11050,144.6,20
11055,106.7,11.1
11060,83.4,11.4
11065,126.9,11
11070,134.7,20
11075,131.7,11.4
11080,155.2,11.1
11085,172.8,11.2
11090,110.3,11.2
11095,140,20.1
11100,109.3,11.1
11105,110.9,11.1
11110,104.4,11.1
11115,79.5,11.3
11120,143.4,19.9
11125,132.1,11.2
11130,149.8,20.1
11135,114.3,11
11140,156.2,20.1
11145,122.3,20.1
11150,116.5,11.2
11155,77.9,20.1
11160,174.4,11.1
11165,118.8,11.3
11170,115.3,11.1
11175,126.1,11.1
11180,113.3,20.1
11185,96.6,11
11190,165.8,11.1
11195,133,20
11200,90,11.1
11205,130.3,20.1
11210,70.8,11
11215,92.3,20
11220,120.9,20
11225,116.1,11.2
11230,261.6,11.1
11235,96.8,20.1
11240,163.7,20
11245,157,11.2
11250,138.3,11.1
11255,149.1,11.1
11260,198.3,20
11265,97.6,11
11270,92.4,19.9
11275,132.9,20.1
11280,80.8,11.1
11285,95.1,11.2
11290,93.7,11.2
11295,85.4,11.2
11300,187.5,11
11305,131.9,20
11310,118.4,11.1
11315,132.3,11
11320,63.5,20
11325,120.1,11
11330,120.8,20
11335,104.1,11
11340,146.7,11
11345,103.3,11.2
11350,81.7,11.1
11355,144.3,11.2
11360,120.8,20
11365,134.9,11.1
11370,83.1,11.1
11375,103.4,11
11380,150,20.1
11385,104.2,11
11390,145.4,11.1
11395,111,11.1
11400,84.1,11.1
11405,124.1,11
11410,103.3,19.9
11415,134.6,11
11420,142.3,20
11425,163.9,11
11430,155.1,11
11435,141.4,19.9
11440,150,11.1
11445,114.9,11.1
11450,144.6,11.2
11455,85.5,11.2
11460,81.4,11
11465,98,11.1
11470,113.5,11.1
11475,136.2,11.1
11480,144.5,11
11485,158.8,11.1
11490,123.1,11
11495,136.6,20
11500,146.1,11
11505,132.7,11.1
11510,158.1,11
11515,88.2,20
11520,118.1,19.9
11525,115.8,11.1
11530,125.9,11
11535,106.8,19.9
11540,86.1,19.9
11545,118.3,11.2
11550,74.1,11.1
11555,101.3,19.9
11560,121.1,19.9
11565,110,11.1
11570,103.3,11.2
11575,132.4,11
11580,94,11
11585,137.7,20
11590,63.8,20
11595,120.5,11.1
11600,71,11
11605,86.3,20
11610,154.1,11
11615,114.5,11.3
11620,79.8,11.2
11625,112.8,11
11630,117.2,11
11635,102.7,11
11640,131.1,11.2
11645,97.7,20
11650,111.7,11.1
11655,145.5,11
11660,90.1,11.1
11665,157.2,11.2
11670,77.9,11.1
11675,136.2,11.2
11680,70.1,11
11685,150.6,11
11690,112.3,11.1
11695,150.7,11
11700,80.3,11
11705,75.8,19.9
11710,115.1,20.1
11715,110.8,19.9
11720,91.8,11.2
11725,171.7,11
11730,66.5,19.9
11735,99.7,11.2
11740,164.2,11.2
11745,142.3,20.2
11750,202.4,19.9
11755,105,11
11760,139.8,19.9
11765,185,19.9
11770,112.8,11
11775,98.7,20
11780,81.3,19.9
11785,117.7,11.1
11790,77.2,11.1
11795,135.1,20.1
11800,102.8,11
11805,87.4,11.1
11810,123.2,11.2
11815,145.5,11
11820,110.2,11.1
11825,94.6,11
11830,118.3,11
11835,127.9,11.2
11840,143.8,11.2
11845,71.2,20.1
11850,62.9,11.3
11855,77.6,11.2
11860,131.6,19.9
11865,96.1,11
11870,111.2,11
11875,114.4,11
11880,91.1,11.1
11885,84.3,11.1
11890,112.6,11
11895,135.4,19.9
11900,113.4,11
11905,58.3,19.9
11910,127.2,11.1
11915,76.7,11
11920,69.2,11.1
11925,96.1,11
11930,109.7,11
11935,64.5,11
11940,81.7,19.9
11945,92.8,11
11950,107,19.9
11955,118.3,11.1
11960,130.2,11.1
11965,142.8,19.9
11970,94.8,11.1
11975,101.7,11
11980,160.2,11.1
11985,100.5,11
11990,151.3,11.1
11995,112.5,11.1
12000,100.8,11.1
12005,78.1,11.1
12010,145.6,11
12015,131.5,11
12020,93.5,11.2
12025,106.9,11
12030,133.5,11
12035,124.3,19.9
12040,106,11
12045,158.6,11.1
12050,115.2,11
12055,104.2,11.1
12060,178.7,20
12065,91.4,11
12070,111.8,11
12075,92.7,19.9
12080,183.3,11.2
12085,95.3,11
12090,141,11.1
12095,108.7,11.1
12100,154.4,20
12105,98.5,11.1
12110,112.7,11.1
12115,147.8,20
12120,84,11.1
12125,95.4,11
12130,136.3,11.2
12135,61.3,11
12140,100.2,11
12145,131.7,19.9
12150,158.5,11
12155,92.4,11
12160,97.7,11
12165,121.7,11.1
12170,133.1,11
12175,112.4,19.9
12180,102.2,11
12185,107.7,11
12190,110.4,19.9
12195,133.1,19.9
12200,149.7,11.2
12205,106.5,11
12210,117.5,11
12215,150.5,11
12220,120.7,11.2
12225,147.1,11.1
12230,95.7,11.1
12235,145.1,20
12240,122.8,19.9
12245,96.4,11
12250,100.5,11
12255,81,11.1
12260,151.9,11.1
12265,84,20.1
12270,71.4,11
12275,134.1,11
12280,113.6,20
12285,84,11
12290,86.2,11.1
12295,101.7,11
12300,170.6,19.9
12305,108.7,11
12310,109.1,11
12315,132.1,11.1
12320,88.5,11.1
12325,111.7,11
12330,120,11
12335,72.6,19.9
12340,144.3,11.1
12345,97.7,19.9
12350,83.1,11.1
12355,110.9,11.1
12360,142.2,19.9
12365,97.2,11
12370,76.2,11
12375,86.8,11.2
12380,114.8,11
12385,93,11
12390,125.7,11.1
12395,137,11.1
12400,93.1,19.9
12405,165.6,11.1
12410,96.3,11.1
12415,88.9,11.2
12420,84.5,11
12425,147.4,11.1
12430,94.4,11.1
12435,139.7,11
12440,95.8,11
12445,146.9,11.1
12450,121.6,11
12455,98.7,20
12460,110.6,11
12465,117.3,11.1
12470,77.6,11.1
12475,184.5,20
12480,75.4,11.1
12485,61.2,11.1
12490,142.7,11
12495,102.2,11.2
12500,98.5,11
12505,99.5,11
12510,98.1,20.1
12515,98,20
12520,107.5,11
12525,162.1,11.1
12530,102.3,19.9
12535,104.9,20.1
12540,130.2,11
12545,115.5,11.2
12550,76.6,11.2
12555,116.8,11.1
12560,152.5,19.9
12565,88.6,11
12570,129.1,19.9
12575,118.7,11.1
12580,128.4,11.2
12585,96.5,11.2
12590,107.2,11
12595,75.8,11
12600,108.3,11.1
12605,104.8,11
12610,112.9,11
12615,85.6,11.1
12620,76.9,11
12625,78.8,11.2
12630,127.1,20
12635,87.7,19.9
12640,132.8,11
12645,77.6,11.1
12650,84.7,19.9
12655,124.1,11.1
12660,148.3,11.1
12665,141.2,11
12670,112,11.1
12675,107.1,20
12680,99.1,11.1
12685,124.3,11.1
12690,122.4,11
12695,136.9,11.1
12700,118.9,11.1
12705,89.6,11.1
12710,106.7,11.1
12715,92.8,11.1
12720,131.8,11.1
12725,73.4,19.9
12730,92.7,11.1
12735,94.9,20
12740,114.5,11.1
12745,81.6,11
12750,106,20
12755,107.8,11
12760,94.7,11.1
12765,137.5,11
12770,139.1,11
12775,120.3,11
12780,110.1,11
12785,82.6,20
12790,138,20
12795,106.5,11.1
12800,112.2,20
12805,93.5,11
12810,139.6,11
12815,64.9,11
12820,100.1,11
12825,74.3,11
12830,99.5,11
12835,112.3,11
12840,84.2,19.9
12845,77,11
12850,108,11
12855,140.5,11.1
12860,134,11.2
12865,89.7,11
12870,139.7,11.1
12875,114.7,11.1
12880,184.9,11
12885,120.2,11
12890,140.8,11
12895,112.5,11.2
12900,99.5,11
12905,94.8,19.9
12910,124,19.9
12915,144.1,19.9
12920,104.3,11
12925,74.3,11.1
12930,94,11.1
12935,104.8,11
12940,105.4,11
12945,120.9,11
12950,126.1,11
12955,85.1,19.9
12960,90.5,19.9
12965,95.7,11
12970,131.9,20.1
12975,85.5,19.9
12980,112.2,11.1
12985,78.1,11.1
12990,96.4,11.1
12995,123.9,11
13000,77.5,11
13005,70.9,11.1
13010,71.8,20
13015,116.9,11.1
13020,129.7,19.9
13025,127.4,11
13030,83.7,11
13035,108.1,11
13040,115.6,11
13045,113.7,11
13050,105.5,11
13055,126,11
13060,93.8,20
13065,124.2,20
13070,105.8,20
13075,127.8,20
13080,84.4,11
13085,91.4,11.1
13090,85.1,11
13095,81.3,11.1
13100,110.2,20.1
13105,76.5,11.1
13110,105.6,20
13115,97.8,11
13120,106.2,11
13125,82.7,11
13130,129.2,11.1
13135,143.8,11
13140,92.5,11
13145,111.1,11.1
13150,124.9,11
13155,105.1,11
13160,113.6,11.1
13165,103.2,11
13170,137,11.1
13175,114.7,11
13180,106.6,11.1
13185,113.4,11.1
13190,174,11.1
13195,124.4,11
13200,120.2,11
13205,100.1,11
13210,114.8,19.9
13215,88.1,11
13220,86.5,20
13225,110.9,11
13230,96.1,20
13235,99.8,19.9
13240,72,11.1
13245,123,11
13250,111.8,11.1
13255,104.4,20
13260,108,11.2
13265,115.2,11
13270,83.4,11.1
13275,96.6,20
13280,102.1,11
13285,110.6,19.9
13290,170.6,11
13295,109.8,11.1
13300,117.7,11
13305,100.5,11
13310,141.1,11
13315,113.8,19.9
13320,121.5,11.1
13325,100.9,19.9
13330,85.6,11
13335,149.1,19.9
13340,104.9,11
13345,118.9,19.9
13350,118,19.9
13355,91.8,11.1
13360,156.1,11
13365,135.7,11
13370,96.7,11.2
13375,99.4,11
13380,132.4,11.1
13385,124.6,11.1
13390,108.5,11.1
13395,98.9,11.1
13400,99.8,19.9
13405,154.4,11.2
13410,109,11.1
13415,104.3,11
13420,92.9,19.9
13425,68.6,11
13430,61.1,11
13435,96.4,11
13440,113.7,11.2
13445,77.9,19.9
13450,104.3,11.1
13455,106.6,11
13460,107,11
13465,102.4,19.9
13470,107.2,11
13475,115.1,19.9
13480,133.3,19.9
13485,126.2,20
13490,167.4,11.1
13495,130.5,11
13500,72.5,11
13505,130.7,11
13510,95.6,11.1
13515,120.1,19.9
13520,78.6,11.1
13525,131.9,11.1
13530,75.3,11
13535,81.2,11.1
13540,87.4,11
13545,118.2,11
13550,81.5,11.1
13555,168.6,11.1
13560,86.6,11
13565,104.1,20
13570,99.6,20
13575,102.4,11
13580,123.2,11.1
13585,101.5,11.1
13590,133,11
13595,98.8,11
13600,82,19.9
13605,123.3,11
13610,125.6,11.1
13615,159.7,11
13620,119.5,19.9
13625,86.5,19.9
13630,116.5,11
13635,98.5,11
13640,61.2,19.9
13645,129.9,19.9
13650,142.5,11
13655,95.4,11
13660,74.1,11
13665,104.2,11
13670,86.3,11
13675,129.2,11
13680,76.3,11.1
13685,164,11
13690,68.8,11
13695,133.2,19.9
13700,78.6,11
13705,77.6,11
13710,128.4,11
13715,73,11
13720,90.6,11.1
13725,129.9,11
13730,117.2,20
13735,99,19.9
13740,109.5,20
13745,133.1,11
13750,194.9,11.1
13755,130.1,19.9
13760,107.4,11
13765,153.4,11.1
13770,148.1,11
13775,117.2,11
13780,85.8,11
13785,142.6,11.1
13790,92.1,20
13795,133.9,11.1
13800,147.9,11
13805,77.6,11
13810,223.5,11.1
13815,104.9,11.1
13820,111.2,11
13825,116.2,11
13830,78,19.9
13835,76.8,11.1
13840,98.8,11
13845,103.6,11
13850,144.3,19.9
13855,100.7,11
13860,98.1,11
13865,123.4,11
13870,165.4,19.9
13875,110.3,11
13880,130.2,11
13885,141.4,11
13890,82.3,11
13895,116.9,11
13900,121.6,11.1
13905,77.5,11
13910,135.4,11
13915,114.4,11.1
13920,134.3,11
13925,134.4,11
13930,133.2,11
13935,114,11
13940,121.9,11.1
13945,103.8,11.1
13950,106.5,11
13955,84.8,19.9
13960,82.6,11.1
13965,128.2,19.9
13970,125.6,19.9
13975,86.7,11.1
13980,116.9,11
13985,119.6,11
13990,108.8,11
13995,104.7,11
14000,131.7,11
14005,115.1,11
14010,136.4,19.9
14015,114.2,19.9
14020,85.2,20
14025,200.9,19.9
14030,99.2,20
14035,63.5,11
14040,131,11
14045,106.5,11
14050,102.3,11
14055,169.7,11.1
14060,97.1,11.1
14065,147.7,11
14070,100,20
14075,109.7,11
14080,145.8,11
14085,137.9,19.9
14090,114.7,11
14095,119.1,11
14100,174.6,11
14105,148.4,19.9
14110,65,11.1
14115,85.9,11
14120,142.8,11
14125,145.2,19.9
14130,73.5,11.1
14135,121.5,11
14140,145.3,11.1
14145,118.8,19.9
14150,118.8,11
14155,126.7,11
14160,198.6,11
14165,96.9,11
14170,123.2,11
14175,75.7,11.1
14180,88.8,11
14185,95.8,11.1
14190,122.3,11
14195,106.7,19.9
14200,122.3,19.9
14205,168.9,11
14210,104.3,11
14215,85.3,11
14220,86.7,19.9
14225,156.1,11
14230,137.8,11
14235,119.5,11
14240,114.7,11
14245,91.6,11
14250,60.8,11
14255,86.5,11
14260,63.6,11
14265,98.2,11
14270,132.7,19.9
14275,63.7,11.1
14280,83.6,19.9
14285,66.9,11.1
14290,99.5,11
14295,115,11
14300,101.1,11.1
14305,131.4,11
14310,133.1,11
14315,123.6,11.1
14320,92.3,19.9
14325,144.2,19.9
14330,88.8,19.9
14335,126.6,11
14340,108.7,11
14345,95.6,11
14350,115,11
14355,130.9,19.9
14360,89,11
14365,98.1,11
14370,123.4,19.9
14375,96.5,11
14380,106.3,11
14385,114.6,11
14390,173.6,11.1
14395,105,11
14400,125.1,11
14405,91.1,11
14410,105.5,11.1
14415,138.4,11
14420,120.2,11
14425,125.7,11
14430,158.1,11
14435,105.1,11
14440,67.2,20
14445,131.2,11
14450,94.1,11
14455,112.3,11
14460,96.8,11.1
14465,120.4,20
14470,184.1,11.1
14475,132.1,11.1
14480,110.8,11
14485,65.5,19.9
14490,140.2,11.1
14495,75.9,11.1
14500,94.5,11.1
14505,93.8,11.1
14510,145.9,11.1
14515,85.7,20
14520,104.5,11.1
14525,103.9,19.9
14530,153.7,11.1
14535,134.1,11
14540,121.1,11.1
14545,91.1,11
14550,122.2,19.9
14555,143,19.9
14560,97.2,19.9
14565,72.9,19.9
14570,103.8,11
14575,115,11
14580,102.2,11
14585,106,19.9
14590,71.5,11
14595,103.1,11
14600,88.6,11
14605,138.7,19.9
14610,82.4,11
14615,220.5,11
14620,222.5,19.9
14625,160.8,11
14630,140.1,11
14635,112.4,11
14640,117.8,11
14645,153.9,11
14650,80.9,11
14655,116.8,19.9
14660,111,11
14665,141,11
14670,141.8,11
14675,117.7,11
14680,137.1,11
14685,90.3,11
14690,137.1,11
14695,122.4,11
14700,111.5,11
14705,111,19.9
14710,124.2,19.9
14715,86.1,11
14720,118.2,19.9
14725,88.9,11
14730,85.5,11
14735,152.3,19.9
14740,101.8,11
14745,72.3,11
14750,108,11
14755,90.1,11
14760,123.4,11
14765,111.3,19.9
14770,168.1,11
14775,104.6,11
14780,179.7,19.9
14785,124.2,11
14790,93.6,11
14795,98.5,19.9
14800,128.5,19.9
14805,65.3,11
14810,139.3,11
14815,130.4,11
14820,136,19.9
14825,99,11
14830,139.9,11
14835,86.2,11
14840,159.6,11
14845,119.6,11
14850,135.2,11
14855,126,11
14860,122.7,11
14865,71.8,19.9
14870,58.3,11
14875,131.8,11
14880,149.2,11
14885,159,11
14890,184.9,11
14895,84.1,11
14900,152.2,19.9
14905,85,19.9
14910,98.2,11
14915,107.2,11
14920,90.4,11
14925,71.2,19.9
14930,131.2,11
14935,129.3,11
14940,111.7,11
14945,91.4,11
14950,162.3,11
14955,204.5,19.9
14960,125,11
14965,69.2,11
14970,97.9,11
14975,86.5,19.9
14980,56.8,11
14985,120.4,19.9
14990,96,19.9
14995,90.8,11
15000,127.9,11
15005,111.5,11
15010,155.8,11
15015,86.4,19.9
15020,103,19.9
15025,77.6,11
15030,142.6,11
15035,90.3,11
15040,115.8,11
15045,129.5,11
15050,112.5,11
15055,121,11
15060,98.4,19.9
15065,75.4,11
15070,105.4,19.9
15075,87.5,11
15080,136.1,19.9
15085,142.2,11
15090,152.6,11
15095,99.7,19.9
15100,79.2,11
15105,115.8,11
15110,97.6,19.9
15115,88.9,11
15120,79.5,19.9
15125,115.5,11
15130,183.9,11
15135,67.6,19.9
15140,112.1,11
15145,105.5,11
15150,122,19.9
15155,73.5,11
15160,207.4,11
15165,152.8,11
15170,90.6,11
15175,90.7,11
15180,157.8,11
15185,137.2,19.9
15190,100.5,11
15195,111.4,19.9
15200,93.3,11
15205,129.1,11
15210,119.7,11
15215,162.3,11
15220,144.3,11
15225,134.9,11
15230,110.2,19.9
15235,220.1,19.9
15240,135.7,11
15245,102.5,11
15250,98,11
15255,71.6,19.9
15260,107.2,11
15265,193.3,11
15270,106.2,11
15275,144.6,11
15280,102.8,11
15285,108.1,11
15290,170.9,11
15295,87.1,11
15300,104.4,11
15305,97,11
15310,135.1,11
15315,149.9,11
15320,107.6,11
15325,182.8,11
15330,107.3,11
15335,138.5,11
15340,119.5,11
15345,85.7,11
15350,98.6,11
15355,78.9,11
15360,160.4,11
15365,109.3,11
15370,105.1,11
15375,131.4,11
15380,123.5,11
15385,130.4,11
15390,182.6,11
15395,88.1,11
15400,125.9,11
15405,95.2,11
15410,76.1,11
15415,209.5,11
15420,93.6,11
15425,119.7,11
15430,94.8,11
15435,105.4,11
15440,170.5,11
15445,117.8,11
15450,156.9,11
15455,130.3,11
15460,139,11
15465,75.8,11
15470,155.2,11
15475,169.7,11
15480,150.9,11
15485,95.5,11
15490,145.7,11
15495,110.5,11
15500,98.1,11
15505,150.4,11
15510,164,11
15515,128,11
15520,135.1,11
15525,111.3,11
15530,125.7,11
15535,113.7,11
15540,142.6,11
15545,142.8,11
15550,185.8,11
15555,124.5,11
15560,116.7,11
15565,126.7,11
15570,137.8,11
15575,206.1,11
15580,129.9,11
15585,103.8,11
15590,122.5,11
15595,104.8,11
15600,193.6,11
15605,151.8,11
15610,192.9,11
15615,141.8,11
15620,89,11
15625,141.8,11
15630,97.9,11
15635,155.4,11
15640,209.8,11
15645,140.5,11
15650,132.2,11
15655,88,11
15660,107.5,11
15665,112.7,11
15670,74,11
15675,107.9,11
15680,184.1,11
15685,143.6,11
15690,178.3,11
15695,98.6,11
15700,178,11
15705,119.4,11
15710,67.2,11
15715,132.5,11
15720,179.9,11
15725,111.3,11
15730,73.5,11
15735,126.8,11
15740,94,11
15745,129.8,11
15750,131.7,11
15755,91.1,11
15760,126.8,11
15765,98.3,11
15770,122.6,11
15775,143.2,11
15780,116.7,11
15785,80.2,11
15790,118.5,11
15795,120.1,11
15800,100.4,11
15805,120.4,11
15810,99.6,11
15815,126,11
15820,107.1,11
15825,146.8,11
15830,133.3,11
15835,112.1,11
15840,128.2,11
15845,81.9,11
15850,93.9,11
15855,82.1,11
15860,98.8,11
15865,115,11
15870,98.9,11
15875,119.4,11
15880,80.1,11
15885,90.4,11
15890,111.6,11
15895,133.8,11
15900,86.9,11
15905,194.2,11
15910,173.5,11
15915,208.2,11
15920,92.2,11
15925,145.3,11
15930,147.4,11
15935,117.4,11
15940,204.4,11
15945,112.2,11
15950,112.4,11
15955,89.3,11
15960,103.7,11
15965,159.8,11
15970,145.2,11
15975,121.9,11
15980,145.2,11
15985,110.8,11
15990,172.7,11
15995,182,11
16000,141.9,11
16005,114.2,11
16010,159,11
16015,221.7,11
16020,103.7,11
16025,95.8,11
16030,127.7,11
16035,90.4,11
16040,104.3,11
16045,113.7,11
16050,187.2,11
16055,120.1,11
16060,74.5,11
16065,132.5,11
16070,147.9,11
16075,133.9,11
16080,82.1,11
16085,158.7,11
16090,96.8,11
16095,194.8,11
16100,165.9,11
16105,79.8,11
16110,96.8,11
16115,129.2,11
16120,150.7,11
16125,218.5,11
16130,145.1,11
16135,146.8,11
16140,165.2,11
16145,157.4,11
16150,129.1,11
16155,197.5,11
16160,114.5,11
16165,93.1,11
16170,90.3,11
16175,146.6,11
16180,188.7,11
16185,113.8,11
16190,198.6,11
16195,65.8,11
16200,211,11
16205,102,11
16210,129.3,11
16215,82.9,11
16220,199.3,11
16225,96.3,11
16230,154.1,11
16235,137.8,11
16240,83.7,11
16245,109.7,11
16250,85.6,11
16255,155,11
16260,110.7,11
16265,96.4,11
16270,92,11
16275,147.6,11
16280,148.9,11
16285,229.6,11
16290,126.3,11
16295,127.2,11
16300,130.6,11
16305,123.9,11
16310,105.5,11
16315,136.5,11
16320,174.2,11
16325,94.5,11
16330,98,11
16335,92.9,11
16340,117.7,11
16345,98.9,11
16350,167.8,11
16355,144.8,11
16360,128.1,11
16365,158.7,11
16370,118.6,11
16375,107.1,11
16380,94.3,11
16385,175.7,11
16390,156.4,11
16395,116.7,11
16400,131.5,11
16405,168,11
16410,113.6,11
16415,144.1,11
16420,150.4,11
16425,114.9,11
16430,89.1,11
16435,153.9,11
16440,118.2,11
16445,142.4,11
16450,80.6,11
16455,184.6,11
16460,80.8,11
16465,105.7,11
16470,95.6,11
16475,113.2,11
16480,125.5,11
16485,129,11
16490,166.5,11
16495,88.5,11
16500,71.7,11
16505,142,11
16510,135.5,11
16515,80.4,11
16520,105.8,11
16525,130.4,11
16530,177,11
16535,159.8,11
16540,115.7,11
16545,213.3,11
16550,83.3,11
16555,142.1,11
16560,120.7,11
16565,145.7,11
16570,110.5,11
16575,163.3,11
16580,160.7,11
16585,129.9,11
16590,151.8,11
16595,120,11
16600,138.1,11
16605,150.9,11
16610,163,11
16615,86.7,11
16620,57.6,11
16625,89,11
16630,131.9,11
16635,173.7,11
16640,95.9,11
16645,154.7,11
16650,155,11
16655,151.4,11
16660,167.6,11
16665,107.4,11
16670,107.4,11
16675,140.1,11
16680,155.8,11
16685,129.4,11
16690,189.4,11
16695,121,11
16700,122.1,11
16705,86.2,11
16710,140.4,11
16715,155.9,11
16720,233.3,11
16725,126.1,11
16730,89,11
16735,180.3,11
16740,223.9,11
16745,149.4,11
16750,81.8,11
16755,214.1,11
16760,171.5,11
16765,110.3,11
16770,103.4,11
16775,96.2,11
16780,164.4,11
16785,190.4,11
16790,178.5,11
16795,147.4,11
16800,108.8,11
16805,146.4,11
16810,116.4,11
16815,114.2,11
16820,104.5,11
16825,132.3,11
16830,117,11
16835,120.6,11
16840,102.8,11
16845,179,11
16850,185.6,11
16855,140.5,11
16860,93.7,11
16865,145.7,11
16870,181.2,11
16875,103,11
16880,117.3,11
16885,213.5,11
16890,222.9,11
16895,117.9,11
16900,122.1,11
16905,87.7,11
16910,94.3,11
16915,122.1,11
16920,143.4,11
16925,102.1,11
16930,93,11
16935,168.5,11
16940,85.5,11
16945,133.5,11
16950,145.8,11
16955,128.1,11
16960,156.8,11
16965,155.6,11
16970,96.9,11
16975,189.2,11
16980,111.3,11
16985,137,11
16990,135.1,11
16995,131.4,11
17000,151.7,11
17005,152.8,11
17010,83.3,11
17015,100.7,11
17020,139.5,11
17025,70.6,11
17030,106.4,11
17035,200.6,11
17040,111.8,11
17045,158,11
17050,194.4,11
17055,86,11
17060,154.2,11
17065,174.8,11
17070,117.6,11
17075,143.9,11
17080,106.7,11
17085,104.4,11
17090,155.4,11
17095,91.2,11
17100,117.5,11
17105,174.6,11
17110,133.2,11
17115,145.8,11
17120,91.3,11
17125,121.6,11
17130,126.5,11
17135,131,11
17140,139.4,11
17145,130.5,11
17150,111.9,11
17155,286.6,11
17160,148.9,11
17165,146.8,11
17170,130,11
17175,117.4,11
17180,85,11
17185,156.6,11
17190,149,11
17195,84.3,11
17200,187.6,11
17205,176.6,11
17210,122,11
17215,114.1,11
17220,106.9,11
17225,176.3,11
17230,135.5,11
17235,90.5,11
17240,78.7,11
17245,161.2,11
17250,135.7,11
17255,118.1,11
17260,92.3,11
17265,102.6,11
17270,161.9,11
17275,144.7,11
17280,173.8,11
17285,138.7,11
17290,147.7,11
17295,131.8,11
17300,86.1,11
17305,120.7,11
17310,185.8,11
17315,113.6,11
17320,120.6,11
17325,191.1,11
17330,163.2,11
17335,143,11
17340,169.9,11
17345,114.1,11
17350,221.7,11
17355,181.1,11
17360,187.3,11
17365,136.6,11
17370,193.4,11
17375,121.4,11
17380,136,11
17385,121.4,11
17390,124.9,11
17395,117.5,11
17400,125.9,11
17405,156,11
17410,249.2,11
17415,151,11
17420,107.9,11
17425,161.2,11
17430,137.9,11
17435,140.6,11
17440,108.1,11
17445,134.6,11
17450,146.7,11
17455,108,11
17460,152.8,11
17465,114.9,11
17470,97.9,11
17475,167.1,11
17480,110.3,11
17485,104.8,11
17490,197.1,11
17495,136.2,11
17500,158.6,11
17505,147.6,11
17510,112,11
17515,192.2,11
17520,172.1,11
17525,196,11
17530,83.1,11
17535,140.9,11
17540,193.3,11
17545,140.2,11
17550,93.7,11
17555,150.6,11
17560,149.5,11
17565,128.9,11
17570,145.5,11
17575,132,11
17580,181.7,11
17585,130.8,11
17590,127.7,11
17595,161.6,11
17600,139.8,11
17605,143,11
17610,146.3,11
17615,126,11
17620,206.9,11
17625,131.6,11
17630,89.4,11
17635,110.7,11
17640,198.7,11
17645,120.5,11
17650,210.8,11
17655,155.7,11
17660,172.2,11
17665,165,11
17670,310.2,11
17675,101.6,11
17680,129.8,11
17685,133.8,11
17690,113.1,11
17695,107,11
17700,196.4,11
17705,126.5,11
17710,135.6,11
17715,100.6,11
17720,128,11
17725,91.8,11
17730,101.8,11
17735,135.3,11
17740,210.1,11
17745,100.8,11
17750,184.7,11
17755,127.4,11
17760,232.7,11
17765,113.8,11
17770,117,11
17775,225.4,11
17780,87.2,11
17785,125.4,11
17790,162.8,11
17795,121.8,11
17800,122.2,11
17805,126.2,11
17810,113.2,11
17815,112.2,11
17820,103.1,11
17825,82.2,11
17830,287.8,11
17835,151.5,11
17840,170.6,11
17845,180.7,11
17850,143,11
17855,119.8,11
17860,139.2,11
17865,127.1,11
17870,258.7,11
17875,125.6,11
17880,153.9,11
17885,157.3,11
17890,127.7,11
17895,114.5,11
17900,265.4,11
17905,93.8,11
17910,145.3,11
17915,133.1,11
17920,152.8,11
17925,118.3,11
17930,87.3,11
17935,114.2,11
17940,80.1,11
17945,76.5,11
17950,128.4,11
17955,219.1,11
17960,189.6,11
17965,135.8,11
17970,165.4,11
17975,168.2,11
17980,66.2,11
17985,114.1,11
17990,84.1,11
17995,130.4,11
18000,115.5,11
18005,107.1,11
18010,172.4,11
18015,180.3,11
18020,156.4,11
18025,147.5,11
18030,212.6,11
18035,155.5,11
18040,123.6,11
18045,156.9,11
18050,232.2,11
18055,140.5,11
18060,107.7,11
18065,127.5,11
18070,169.3,11
18075,247.8,11
18080,75.7,11
18085,114.4,11
18090,186.9,11
18095,130.6,11
18100,85.1,11
18105,165.7,11
18110,154.3,11
18115,207,11
18120,85.2,11
18125,148.9,11
18130,164.7,11
18135,133.7,11
18140,191.2,11
18145,159.6,11
18150,174.1,11
18155,126.3,11
18160,92.6,11
18165,125.4,11
18170,244,11
18175,89.9,11
18180,185.3,11
18185,147,11
18190,158.8,11
18195,136.9,11
18200,162,11
18205,96.8,11
18210,151.1,11
18215,77.9,11
18220,168.3,11
18225,174.4,11
18230,132.3,11
18235,116.4,11
18240,176.9,11
18245,151,11
18250,258.8,11
18255,136.5,11
18260,180.9,11
18265,216,11
18270,115.9,11
18275,122.5,11
18280,78.2,11
18285,150.1,11
18290,85.3,11
18295,250,11
18300,174.8,11
18305,151.3,11
18310,127.9,11
18315,164.9,11
18320,135.8,11
18325,105.5,11
18330,138.8,11
18335,190.1,11
18340,218.6,11
18345,172.7,11
18350,209.5,11
18355,158.1,11
18360,80.1,11
18365,122.7,11
18370,104.6,11
18375,201.6,11
18380,150.3,11
18385,122.3,11
18390,159.4,11
18395,169.4,11
18400,226.4,11
18405,153.6,11
18410,189.5,11
18415,106.4,11
18420,258.6,11
18425,162.9,11
18430,91.7,11
18435,211.2,11
18440,153.9,11
18445,266.8,11
18450,108.7,11
18455,105,11
18460,65.1,11
18465,130.6,11
18470,87.9,11
18475,168.5,11
18480,210.5,11
18485,226.4,11
18490,110.5,11
18495,137.4,11
18500,108.4,11
18505,123.1,11
18510,124,11
18515,177.3,11
18520,158.9,11
18525,123.3,11
18530,124.4,11
18535,157.6,11
18540,170.2,11
18545,137.7,11
18550,111.6,11
18555,165.7,11
18560,153.3,11
18565,151.1,11
18570,154.9,11
18575,127.6,11
18580,109.8,11
18585,116.7,11
18590,253.3,11
18595,169.6,11
18600,137.4,11
18605,159.3,11
18610,145,11
18615,304.1,11
18620,150.3,11
18625,142,11
18630,151.2,11
18635,240.6,11
18640,114.2,11
18645,93.2,11
18650,133.6,11
18655,189.8,11
18660,206.4,11
18665,155.5,11
18670,86,11
18675,217.4,11
18680,130.1,11
18685,155.2,11
18690,247.6,11
18695,96.6,11
18700,239.5,11
18705,168.3,11
18710,228.8,11
18715,120,11
18720,153.7,11
18725,218.8,11
18730,214.5,11
18735,193.9,11
18740,244.3,11
18745,199.9,11
18750,199.6,11
18755,86.8,11
18760,141.8,11
18765,147.5,11
18770,225.7,11
18775,142.8,11
18780,240.6,11
18785,195.1,11
18790,125.9,11
18795,90.9,11
18800,172.3,11
18805,182.6,11
18810,130.2,11
18815,108.5,11
18820,152,11
18825,122.1,11
18830,141.1,11
18835,169.6,11
18840,231,11
18845,216.6,11
18850,125.8,11
18855,128.5,11
18860,168.9,11
18865,200.2,11
18870,107.6,11
18875,164.6,11
18880,173.3,11
18885,159.9,11
18890,103.8,11
18895,152,11
18900,211.9,11
18905,149.9,11
18910,116.6,11
18915,181.9,11
18920,135.1,11
18925,158.6,11
18930,139,11
18935,251.5,11
18940,139.3,11
18945,175.5,11
18950,177.7,11
18955,144.8,11
18960,209.1,11
18965,178.6,11
18970,83.8,11
18975,226,11
18980,162.9,11
18985,269,11
18990,149.3,11
18995,267,11
19000,139.2,11
19005,165.5,11
19010,137.5,11
19015,166.7,11
19020,202.7,11
19025,179,11
19030,109.3,11
19035,124.3,11
19040,241.8,11
19045,155.4,11
19050,189.3,11
19055,149,11
19060,219.9,11
19065,216.8,11
19070,208.1,11
19075,174,11
19080,146.7,11
19085,189.6,11
19090,163.7,11
19095,214.9,11
19100,234.1,11
19105,157.6,11
19110,260.6,11
19115,247.8,11
19120,124.5,11
19125,170.5,11
19130,161.3,11
19135,171.3,11
19140,182.3,11
19145,137.4,11
19150,95.8,11
19155,154.1,11
19160,160,11
19165,150.4,11
19170,85.1,11
19175,148.3,11
19180,215.8,11
19185,140.7,11
19190,136.7,11
19195,128,11
19200,328.1,11
19205,219.1,11
19210,146.6,11
19215,195.9,11
19220,182.8,11
19225,158,11
19230,162.7,11
19235,160,11
19240,258.7,11
19245,161.2,11
19250,212.6,11
19255,64.9,11
19260,182.3,11
19265,116,11
19270,176.1,11
19275,104.5,11
19280,281,11
19285,257.2,11
19290,177.6,11
19295,262.1,11
19300,121.7,11
19305,231.5,11
19310,171.1,11
19315,165.3,11
19320,276.3,11
19325,136.8,11
19330,203.8,11
19335,186.2,11
19340,126.4,11
19345,216.1,11
19350,343.7,11
19355,178.1,11
19360,135.3,11
19365,219.3,11
19370,66.2,11
19375,183.8,11
19380,112.6,11
19385,268.6,11
19390,265.5,11
19395,225.7,11
19400,309.7,11
19405,93.8,11
19410,203.6,11
19415,130,11
19420,139.6,11
19425,147.2,11
19430,285.5,11
19435,166.1,11
19440,239.1,11
19445,189.7,11
19450,137.2,11
19455,168.3,11
19460,122.1,11
19465,90.1,11
19470,206.1,11
19475,165.7,11
19480,160.8,11
19485,184.1,11
19490,172.8,11
19495,115.1,11
19500,225.1,11
19505,148.8,11
19510,147.3,11
19515,270.2,11
19520,161.4,11
19525,176.1,11
19530,103.5,11
19535,129.8,11
19540,184.8,11
19545,137.1,11
19550,121.3,11
19555,135.2,11
19560,171.1,11
19565,135,11
19570,165.2,11
19575,182.4,11
19580,181.4,11
19585,104.6,11
19590,264.2,11
19595,228,11
19600,125.4,11
19605,177,11
