0,397,238
5,99,58
10,279,189
15,114,64
20,206,110
25,359,193
30,207,114
35,219,113
40,510,295
45,126,69
50,307,165
55,93,45
60,100,41
65,147,85
70,448,287
75,1009,574
80,154,71
85,393,223
90,287,164
95,1095,680
100,179,102
105,242,144
110,590,347
115,381,231
120,429,232
125,152,82
130,99,58
135,1325,785
140,136,80
145,120,63
150,705,414
155,347,195
160,723,446
165,1313,782
170,1059,639
175,179,96
180,469,259
185,84,32
190,54,19
195,131,66
200,264,142
205,278,143
210,204,108
215,70,35
220,873,480
225,122,59
230,334,186
235,245,134
240,59,23
245,87,38
250,558,325
255,166,91
260,144,66
265,890,484
270,509,286
275,993,564
280,131,68
285,391,225
290,81,40
295,455,258
300,123,66
305,251,154
310,378,233
315,189,103
320,269,176
325,62,37
330,406,219
335,117,64
340,865,533
345,556,312
350,789,438
355,673,378
360,495,298
365,492,300
370,119,71
375,192,115
380,322,205
385,92,44
390,203,107
395,1588,936
400,1088,619
405,74,32
410,407,216
415,639,348
420,102,64
425,206,118
430,414,251
435,301,147
440,183,97
445,251,135
450,91,39
455,204,112
460,579,316
465,165,79
470,269,147
475,259,157
480,260,143
485,51,24
490,334,194
495,101,57
500,1441,833
505,132,86
510,136,80
515,110,61
520,256,158
525,473,286
530,255,155
535,221,123
540,239,119
545,434,246
550,553,346
555,527,306
560,213,117
565,389,198
570,373,203
575,233,125
580,602,319
585,257,141
590,356,198
595,250,135
600,246,130
605,687,413
610,257,137
615,179,109
620,104,46
625,154,76
630,397,227
635,108,53
640,855,487
645,136,78
650,474,270
655,253,135
660,823,437
665,959,541
670,325,152
675,179,94
680,460,248
685,164,74
690,328,186
695,476,271
700,143,77
705,129,72
710,342,206
715,107,59
720,516,304
725,92,41
730,209,113
735,454,254
740,426,234
745,818,457
750,116,60
755,1076,631
760,28,12
765,469,275
770,103,46
775,1015,574
780,480,264
785,134,63
790,98,41
795,142,71
800,355,194
805,62,32
810,83,43
815,135,77
820,241,127
825,501,266
830,453,279
835,145,56
840,476,276
845,48,22
850,279,150
855,108,56
860,137,66
865,106,51
870,490,281
875,371,217
880,392,209
885,145,81
890,388,230
895,816,492
900,333,191
905,210,138
910,364,238
915,288,177
920,137,80
925,416,268
930,189,95
935,270,142
940,167,80
945,1618,948
950,64,26
955,592,335
960,160,85
965,403,233
970,205,96
975,368,195
980,167,84
985,127,60
990,700,393
995,181,97
1000,87,45
1005,283,164
1010,258,142
1015,638,338
1020,252,140
1025,152,85
1030,227,124
1035,173,79
1040,230,127
1045,202,109
1050,496,247
1055,252,132
1060,333,179
1065,815,445
1070,551,298
1075,221,121
1080,328,174
1085,107,55
1090,55,26
1095,992,550
1100,256,153
1105,143,96
1110,337,179
1115,304,178
1120,177,108
1125,757,476
1130,445,227
1135,838,505
1140,1177,712
1145,796,450
1150,455,260
1155,376,200
1160,759,421
1165,88,51
1170,200,104
1175,71,27
1180,637,356
1185,141,70
1190,295,164
1195,114,64
1200,347,186
1205,126,69
1210,258,157
1215,426,224
1220,168,96
1225,134,57
1230,182,103
1235,141,80
1240,115,57
1245,234,137
1250,566,301
1255,164,87
1260,345,191
1265,653,374
1270,141,64
1275,428,259
1280,930,527
1285,130,71
1290,348,184
1295,539,349
1300,784,461
1305,363,251
1310,296,167
1315,428,255
1320,339,198
1325,130,76
1330,296,162
1335,275,149
1340,125,77
1345,789,429
1350,473,277
1355,1163,702
1360,493,255
1365,162,77
1370,359,180
1375,227,129
1380,94,49
1385,226,147
1390,204,115
1395,362,205
1400,459,277
1405,185,91
1410,98,52
1415,175,81
1420,149,90
1425,446,258
1430,292,135
1435,403,243
1440,248,140
1445,979,588
1450,55,30
1455,293,145
1460,204,115
1465,901,458
1470,100,58
1475,89,35
1480,293,155
1485,346,185
1490,105,53
1495,670,363
1500,363,184
1505,75,38
1510,275,139
1515,41,20
1520,73,38
1525,100,46
1530,226,140
1535,566,303
1540,236,132
1545,189,98
1550,91,46
1555,34,15
1560,86,38
1565,108,57
1570,198,123
1575,747,425
1580,122,63
1585,263,139
1590,179,106
1595,52,18
1600,48,22
1605,148,79
1610,237,132
1615,773,414
1620,1535,868
1625,121,62
1630,765,439
1635,251,124
1640,194,118
1645,573,320
1650,282,174
1655,323,175
1660,193,121
1665,101,47
1670,104,52
1675,303,155
1680,505,320
1685,57,23
1690,203,101
1695,256,156
1700,812,408
1705,141,61
1710,47,18
1715,256,129
1720,148,83
1725,343,186
1730,298,183
1735,598,335
1740,175,93
1745,245,121
1750,286,158
1755,294,172
1760,234,113
1765,70,33
1770,222,116
1775,128,51
1780,215,110
1785,166,99
1790,467,252
1795,147,84
1800,344,170
1805,180,109
1810,72,41
1815,211,124
1820,485,266
1825,379,234
1830,212,114
1835,127,65
1840,352,192
1845,467,265
1850,1037,564
1855,257,123
1860,519,303
1865,213,125
1870,382,200
1875,174,106
1880,227,137
1885,257,137
1890,644,377
1895,563,327
1900,257,132
1905,293,161
1910,247,142
1915,544,330
1920,157,82
1925,142,84
1930,686,352
1935,320,188
1940,90,51
1945,94,48
1950,125,69
1955,604,350
1960,490,283
1965,782,487
1970,330,194
1975,337,189
1980,278,162
1985,553,310
1990,562,293
1995,208,98
2000,377,221
2005,502,276
2010,243,140
2015,172,111
2020,257,155
2025,48,19
2030,76,47
2035,293,143
2040,181,97
2045,209,116
2050,456,265
2055,144,79
2060,95,48
2065,144,77
2070,166,87
2075,179,99
2080,250,138
2085,334,153
2090,156,79
2095,481,267
2100,185,96
2105,418,216
2110,784,468
2115,222,110
2120,236,122
2125,390,192
2130,452,254
2135,185,94
2140,138,71
2145,167,107
2150,102,48
2155,549,359
2160,464,252
2165,71,29
2170,94,51
2175,67,32
2180,295,164
2185,136,59
2190,131,56
2195,161,74
2200,125,64
2205,134,65
2210,587,356
2215,58,29
2220,243,122
2225,117,53
2230,307,172
2235,185,89
2240,130,70
2245,518,299
2250,679,350
2255,329,173
2260,176,84
2265,133,75
2270,133,78
2275,356,180
2280,84,45
2285,124,73
2290,508,275
2295,76,32
2300,302,167
2305,72,38
2310,448,264
2315,753,402
2320,201,124
2325,22,7
2330,58,28
2335,598,291
2340,144,70
2345,154,96
2350,389,188
2355,82,48
2360,312,185
2365,1344,805
2370,208,126
2375,234,117
2380,453,242
2385,1443,843
2390,564,305
2395,405,213
2400,100,40
2405,680,368
2410,249,137
2415,138,66
2420,191,82
2425,158,79
2430,134,74
2435,215,106
2440,258,133
2445,87,45
2450,698,394
2455,353,186
2460,208,133
2465,227,100
2470,167,96
2475,64,27
2480,359,208
2485,96,56
2490,480,270
2495,353,199
2500,179,95
2505,605,296
2510,180,95
2515,219,118
2520,173,92
2525,167,94
2530,767,375
2535,267,152
2540,212,118
2545,539,277
2550,180,100
2555,1056,586
2560,508,275
2565,373,194
2570,355,225
2575,359,178
2580,153,107
2585,320,169
2590,433,238
2595,168,93
2600,271,154
2605,98,66
2610,539,292
2615,153,75
2620,913,506
2625,89,49
2630,231,140
2635,463,260
2640,366,202
2645,101,52
2650,95,42
2655,59,25
2660,208,112
2665,275,154
2670,145,72
2675,148,86
2680,459,280
2685,695,408
2690,155,74
2695,395,235
2700,90,45
2705,234,133
2710,543,292
2715,669,391
2720,133,81
2725,167,93
2730,181,104
2735,126,51
2740,541,264
2745,60,26
2750,201,95
2755,335,192
2760,87,47
2765,424,268
2770,1053,593
2775,369,190
2780,186,87
2785,756,389
2790,435,226
2795,156,86
2800,710,367
2805,573,327
2810,564,323
2815,81,37
2820,175,94
2825,106,56
2830,434,237
2835,337,189
2840,64,27
2845,114,66
2850,880,514
2855,114,51
2860,121,64
2865,152,80
2870,189,104
2875,506,295
2880,218,113
2885,352,184
2890,255,165
2895,827,420
2900,235,131
2905,471,265
2910,106,42
2915,191,97
2920,223,118
2925,463,245
2930,215,114
2935,156,85
2940,116,62
2945,363,199
2950,562,284
2955,517,262
2960,68,28
2965,213,115
2970,135,71
2975,440,272
2980,501,268
2985,462,254
2990,618,354
2995,556,291
3000,123,59
3005,127,71
3010,414,213
3015,357,165
3020,102,51
3025,280,169
3030,471,271
3035,137,62
3040,201,104
3045,117,66
3050,148,92
3055,107,62
3060,207,107
3065,150,67
3070,881,458
3075,500,244
3080,232,114
3085,487,294
3090,502,258
3095,105,47
3100,175,108
3105,62,31
3110,114,56
3115,155,83
3120,349,182
3125,919,587
3130,1009,589
3135,398,219
3140,350,212
3145,97,53
3150,160,80
3155,181,119
3160,209,106
3165,98,46
3170,377,201
3175,93,44
3180,97,51
3185,143,78
3190,40,14
3195,250,114
3200,43,19
3205,201,92
3210,183,94
3215,144,69
3220,135,80
3225,165,70
3230,121,62
3235,40,22
3240,121,62
3245,638,358
3250,115,58
3255,1043,587
3260,202,102
3265,242,121
3270,254,167
3275,674,364
3280,236,125
3285,538,315
3290,640,336
3295,428,230
3300,394,175
3305,276,124
3310,131,57
3315,236,126
3320,472,242
3325,48,27
3330,129,73
3335,202,102
3340,53,25
3345,106,44
3350,340,163
3355,85,37
3360,689,379
3365,702,372
3370,183,106
3375,298,136
3380,55,21
3385,267,132
3390,59,25
3395,380,195
3400,246,97
3405,171,83
3410,323,171
3415,130,55
3420,371,213
3425,326,169
3430,88,47
3435,336,188
3440,92,39
3445,381,213
3450,65,23
3455,418,210
3460,403,198
3465,174,95
3470,290,145
3475,434,214
3480,338,190
3485,168,90
3490,288,160
3495,515,263
3500,200,110
3505,432,221
3510,163,97
3515,122,56
3520,237,123
3525,252,134
3530,201,89
3535,133,64
3540,145,84
3545,155,62
3550,61,24
3555,319,168
3560,216,111
3565,459,230
3570,610,359
3575,132,75
3580,177,93
3585,64,25
3590,103,53
3595,225,118
3600,104,47
3605,341,191
3610,285,159
3615,134,68
3620,130,78
3625,299,133
3630,246,119
3635,142,64
3640,109,54
3645,598,300
3650,218,119
3655,33,9
3660,90,41
3665,68,33
3670,207,104
3675,142,65
3680,484,242
3685,105,52
3690,212,113
3695,287,149
3700,105,48
3705,255,120
3710,225,110
3715,71,33
3720,235,123
3725,145,76
3730,285,124
3735,176,68
3740,180,77
3745,241,135
3750,70,35
3755,57,22
3760,348,164
3765,131,65
3770,440,258
3775,135,69
3780,492,243
3785,66,32
3790,137,73
3795,91,41
3800,97,42
3805,208,96
3810,633,328
3815,358,183
3820,122,61
3825,85,44
3830,154,79
3835,224,106
3840,409,242
3845,210,123
3850,297,132
3855,107,54
3860,95,47
3865,196,91
3870,222,108
3875,1295,627
3880,202,83
3885,308,176
3890,388,195
3895,117,61
3900,181,82
3905,456,226
3910,642,343
3915,340,177
3920,141,74
3925,388,201
3930,136,57
3935,247,121
3940,365,195
3945,352,181
3950,198,107
3955,109,54
3960,205,108
3965,59,26
3970,363,175
3975,506,262
3980,133,62
3985,173,84
3990,501,244
3995,122,58
4000,415,210
4005,317,161
4010,148,77
4015,303,174
4020,64,34
4025,186,86
4030,246,113
4035,120,58
4040,427,214
4045,320,127
4050,591,317
4055,48,23
4060,155,76
4065,169,87
4070,88,45
4075,111,57
4080,211,91
4085,91,44
4090,128,47
4095,158,76
4100,74,33
4105,104,63
4110,87,40
4115,98,53
4120,178,92
4125,263,149
4130,60,28
4135,222,117
4140,139,73
4145,100,42
4150,122,59
4155,383,179
4160,637,331
4165,148,82
4170,311,159
4175,203,103
4180,167,92
4185,434,203
4190,244,132
4195,414,208
4200,183,94
4205,532,297
4210,309,140
4215,537,307
4220,109,56
4225,117,50
4230,329,160
4235,195,82
4240,226,117
4245,118,54
4250,502,249
4255,135,65
4260,245,111
4265,74,30
4270,111,52
4275,127,56
4280,167,76
4285,206,94
4290,203,106
4295,110,48
4300,136,64
4305,318,155
4310,81,31
4315,382,192
4320,100,47
4325,200,87
4330,116,43
4335,301,130
4340,313,150
4345,104,49
4350,171,95
4355,86,39
4360,119,60
4365,134,60
4370,172,96
4375,142,75
4380,123,50
4385,344,180
4390,513,253
4395,245,121
4400,298,154
4405,120,56
4410,322,155
4415,256,136
4420,677,334
4425,170,78
4430,164,68
4435,414,236
4440,74,28
4445,202,112
4450,67,23
4455,299,164
4460,114,58
4465,123,55
4470,347,153
4475,90,40
4480,292,147
4485,147,79
4490,160,67
4495,150,64
4500,125,61
4505,208,102
4510,1013,530
4515,159,81
4520,113,50
4525,171,89
4530,359,169
4535,1100,572
4540,204,108
4545,143,74
4550,183,100
4555,239,128
4560,214,103
4565,94,43
4570,59,23
4575,279,141
4580,191,99
4585,129,59
4590,187,82
4595,235,106
4600,229,108
4605,265,131
4610,377,169
4615,301,153
4620,255,135
4625,120,68
4630,141,62
4635,328,171
4640,35,12
4645,226,98
4650,87,42
4655,408,208
4660,176,88
4665,288,177
4670,132,62
4675,584,265
4680,203,120
4685,147,77
4690,111,44
4695,147,65
4700,361,171
4705,140,58
4710,272,137
4715,317,168
4720,42,13
4725,204,95
4730,858,419
4735,34,15
4740,245,108
4745,155,84
4750,182,78
4755,108,49
4760,91,46
4765,182,97
4770,388,196
4775,245,106
4780,276,128
4785,26,8
4790,222,109
4795,151,65
4800,162,87
4805,203,99
4810,157,88
4815,111,44
4820,419,206
4825,93,42
4830,157,74
4835,180,106
4840,674,379
4845,345,193
4850,58,31
4855,238,108
4860,115,55
4865,435,252
4870,165,83
4875,215,98
4880,150,68
4885,192,99
4890,208,90
4895,129,55
4900,136,66
4905,91,53
4910,168,89
4915,371,172
4920,116,65
4925,176,91
4930,482,242
4935,471,245
4940,143,89
4945,117,51
4950,64,35
4955,73,34
4960,223,93
4965,358,170
4970,248,102
4975,183,88
4980,94,56
4985,262,146
4990,301,143
4995,54,23
5000,95,51
5005,200,98
5010,155,69
5015,383,199
5020,253,104
5025,175,92
5030,891,442
5035,170,90
5040,89,45
5045,100,38
5050,186,98
5055,446,218
5060,203,118
5065,132,53
5070,449,239
5075,142,73
5080,163,59
5085,380,182
5090,112,56
5095,287,163
5100,96,40
5105,231,101
5110,150,77
5115,141,67
5120,157,78
5125,396,176
5130,329,141
5135,164,80
5140,175,76
5145,97,44
5150,283,145
5155,132,68
5160,320,179
5165,248,112
5170,205,86
5175,397,208
5180,55,20
5185,206,94
5190,278,133
5195,547,278
5200,261,111
5205,217,102
5210,146,75
5215,90,31
5220,95,48
5225,224,118
5230,66,26
5235,902,455
5240,36,10
5245,207,103
5250,170,94
5255,151,64
5260,290,147
5265,320,160
5270,236,131
5275,216,118
5280,45,14
5285,286,156
5290,93,38
5295,66,27
5300,178,88
5305,118,56
5310,132,62
5315,329,163
5320,39,11
5325,77,26
5330,160,74
5335,412,197
5340,137,67
5345,108,41
5350,121,52
5355,269,135
5360,255,129
5365,125,55
5370,375,170
5375,149,66
5380,321,179
5385,93,34
5390,344,179
5395,481,243
5400,380,180
5405,96,47
5410,158,76
5415,150,65
5420,213,96
5425,162,79
5430,486,238
5435,116,60
5440,660,352
5445,156,77
5450,194,109
5455,254,115
5460,374,189
5465,52,17
5470,113,47
5475,97,43
5480,251,122
5485,115,49
5490,94,42
5495,85,35
5500,113,54
5505,223,119
5510,208,95
5515,94,42
5520,193,83
5525,220,110
5530,185,88
5535,681,355
5540,206,98
5545,273,127
5550,135,58
5555,134,66
5560,459,228
5565,112,57
5570,174,70
5575,43,17
5580,492,248
5585,383,209
5590,152,82
5595,233,126
5600,172,66
5605,61,32
5610,90,38
5615,101,44
5620,160,71
5625,255,136
5630,701,337
5635,45,15
5640,178,84
5645,46,17
5650,159,78
5655,132,69
5660,118,66
5665,288,167
5670,116,53
5675,94,42
5680,305,140
5685,449,189
5690,151,70
5695,72,30
5700,460,205
5705,567,292
5710,530,276
5715,119,62
5720,82,41
5725,241,111
5730,307,132
5735,105,35
5740,67,41
5745,166,84
5750,131,63
5755,238,103
5760,52,16
5765,52,21
5770,209,108
5775,430,222
5780,328,176
5785,223,109
5790,105,43
5795,168,81
5800,257,120
5805,167,82
5810,288,150
5815,106,40
5820,183,117
5825,216,91
5830,100,46
5835,322,140
5840,265,112
5845,189,106
5850,441,200
5855,333,171
5860,295,146
5865,156,86
5870,106,55
5875,370,165
5880,116,51
5885,138,67
5890,86,44
5895,47,15
5900,71,29
5905,158,78
5910,124,50
5915,186,91
5920,146,63
5925,140,77
5930,49,21
5935,318,141
5940,182,100
5945,429,215
5950,186,104
5955,161,59
5960,144,59
5965,220,104
5970,220,98
5975,180,80
5980,34,12
5985,253,138
5990,183,78
5995,97,39
6000,123,53
6005,267,123
6010,90,37
6015,108,62
6020,240,123
6025,154,83
6030,143,60
6035,64,28
6040,260,126
6045,85,37
6050,266,125
6055,169,92
6060,113,42
6065,132,56
6070,78,34
6075,287,147
6080,76,27
6085,67,23
6090,488,256
6095,81,27
6100,221,123
6105,193,88
6110,175,84
6115,221,100
6120,354,163
6125,126,69
6130,241,124
6135,84,43
6140,101,59
6145,143,91
6150,78,39
6155,122,50
6160,91,48
6165,161,76
6170,76,31
6175,156,88
6180,231,112
6185,310,170
6190,334,174
6195,210,111
6200,127,64
6205,109,59
6210,305,168
6215,190,84
6220,188,88
6225,278,123
6230,291,149
6235,231,108
6240,296,170
6245,60,25
6250,561,275
6255,284,161
6260,423,219
6265,139,66
6270,65,21
6275,695,353
6280,186,101
6285,68,21
6290,180,89
6295,280,134
6300,141,71
6305,237,124
6310,296,127
6315,631,350
6320,146,70
6325,229,106
6330,484,227
6335,252,127
6340,576,278
6345,588,306
6350,79,38
6355,316,139
6360,474,218
6365,216,112
6370,634,308
6375,154,74
6380,350,185
6385,221,92
6390,78,26
6395,115,49
6400,91,33
6405,154,71
6410,79,38
6415,131,63
6420,69,22
6425,275,113
6430,114,50
6435,138,70
6440,245,115
6445,238,120
6450,141,67
6455,92,44
6460,251,134
6465,152,83
6470,214,87
6475,73,36
6480,181,76
6485,255,126
6490,155,59
6495,494,240
6500,204,96
6505,82,41
6510,167,69
6515,118,47
6520,350,159
6525,127,65
6530,152,69
6535,133,59
6540,286,107
6545,134,65
6550,82,33
6555,463,230
6560,90,38
6565,203,102
6570,237,122
6575,516,249
6580,368,165
6585,47,20
6590,107,44
6595,70,32
6600,177,90
6605,167,88
6610,131,70
6615,360,191
6620,71,24
6625,82,39
6630,105,54
6635,152,75
6640,369,192
6645,402,191
6650,178,70
6655,309,126
6660,425,203
6665,105,49
6670,236,107
6675,103,42
6680,218,102
6685,214,92
6690,501,238
6695,214,95
6700,271,133
6705,185,84
6710,215,116
6715,75,32
6720,97,43
6725,368,155
6730,126,72
6735,305,143
6740,319,154
6745,227,122
6750,82,36
6755,112,50
6760,153,65
6765,104,50
6770,379,171
6775,93,54
6780,686,306
6785,224,101
6790,106,46
6795,125,59
6800,195,100
6805,119,51
6810,65,26
6815,233,112
6820,88,34
6825,227,98
6830,121,48
6835,96,44
6840,95,46
6845,78,43
6850,368,192
6855,250,130
6860,437,197
6865,149,72
6870,98,36
6875,76,29
6880,553,286
6885,363,152
6890,337,161
6895,332,156
6900,191,84
6905,340,140
6910,378,185
6915,95,53
6920,450,191
6925,303,151
6930,184,103
6935,196,80
6940,222,111
6945,25,9
6950,298,133
6955,65,27
6960,51,21
6965,108,54
6970,507,222
6975,502,270
6980,121,49
6985,230,105
6990,81,45
6995,129,61
7000,149,61
7005,340,170
7010,126,53
7015,95,51
7020,151,53
7025,441,210
7030,426,196
7035,66,28
7040,71,40
7045,150,67
7050,73,35
7055,92,40
7060,94,39
7065,256,113
7070,371,151
7075,126,50
7080,147,64
7085,285,136
7090,106,49
7095,66,21
7100,50,20
7105,137,76
7110,616,300
7115,189,92
7120,314,134
7125,256,136
7130,102,52
7135,124,60
7140,327,145
7145,91,39
7150,101,49
7155,272,141
7160,139,77
7165,200,72
7170,232,108
7175,144,77
7180,57,28
7185,82,35
7190,152,60
7195,111,60
7200,359,173
7205,137,78
7210,700,326
7215,80,33
7220,472,231
7225,107,47
7230,323,140
7235,113,67
7240,90,38
7245,120,60
7250,238,112
7255,157,64
7260,135,59
7265,239,113
7270,251,125
7275,159,74
7280,115,46
7285,114,43
7290,602,301
7295,208,88
7300,112,55
7305,228,92
7310,269,116
7315,173,84
7320,69,29
7325,213,86
7330,376,177
7335,75,29
7340,114,48
7345,373,159
7350,142,75
7355,71,32
7360,322,155
7365,215,85
7370,138,67
7375,575,303
7380,163,70
7385,228,98
7390,107,43
7395,410,188
7400,300,139
7405,352,159
7410,315,169
7415,97,35
7420,318,163
7425,81,33
7430,674,320
7435,301,139
7440,532,263
7445,467,202
7450,112,42
7455,523,260
7460,189,90
7465,150,76
7470,216,109
7475,223,89
7480,194,91
7485,376,177
7490,56,21
7495,260,117
7500,83,35
7505,240,87
7510,72,30
7515,150,79
7520,231,110
7525,193,90
7530,134,50
7535,228,100
7540,539,262
7545,171,74
7550,197,92
7555,199,83
7560,111,45
7565,86,45
7570,343,165
7575,138,61
7580,114,42
7585,93,47
7590,245,106
7595,34,11
7600,289,155
7605,164,76
7610,150,74
7615,61,18
7620,148,75
7625,317,155
7630,693,322
7635,277,127
7640,377,172
7645,83,36
7650,150,58
7655,65,23
7660,189,89
7665,105,36
7670,128,67
7675,353,153
7680,240,116
7685,286,111
7690,60,21
7695,70,30
7700,78,27
7705,145,76
7710,68,26
7715,175,77
7720,256,108
7725,136,87
7730,68,31
7735,130,60
7740,218,98
7745,103,51
7750,360,199
7755,55,19
7760,115,47
7765,90,47
7770,143,67
7775,271,125
7780,199,88
7785,149,53
7790,100,45
7795,143,69
7800,184,73
7805,215,114
7810,575,255
7815,49,22
7820,120,53
7825,438,207
7830,156,54
7835,280,134
7840,365,174
7845,285,141
7850,47,21
7855,93,30
7860,94,34
7865,255,131
7870,90,37
7875,209,99
7880,272,120
7885,438,234
7890,78,30
7895,558,258
7900,219,100
7905,65,21
7910,187,91
7915,48,20
7920,222,89
7925,497,233
7930,108,41
7935,177,89
7940,888,411
7945,137,54
7950,163,76
7955,389,197
7960,177,80
7965,258,97
7970,478,230
7975,304,138
7980,125,47
7985,275,118
7990,80,35
7995,80,24
8000,356,155
8005,77,30
8010,144,63
8015,225,94
8020,110,52
8025,181,67
8030,81,31
8035,318,142
8040,161,81
8045,107,54
8050,78,30
8055,93,38
8060,257,124
8065,221,101
8070,49,29
8075,85,25
8080,294,132
8085,75,28
8090,221,105
8095,409,196
8100,653,331
8105,205,84
8110,173,69
8115,385,175
8120,190,78
8125,336,154
8130,149,80
8135,208,88
8140,114,67
8145,186,66
8150,133,57
8155,101,42
8160,238,103
8165,381,190
8170,179,70
8175,228,91
8180,73,33
8185,56,21
8190,58,31
8195,195,79
8200,116,46
8205,662,307
8210,106,56
8215,342,155
8220,48,20
8225,643,301
8230,438,192
8235,160,45
8240,566,253
8245,191,69
8250,86,35
8255,58,19
8260,191,81
8265,38,11
8270,171,84
8275,84,35
8280,253,113
8285,33,11
8290,49,18
8295,219,85
8300,363,182
8305,271,131
8310,137,44
8315,77,27
8320,204,100
8325,138,65
8330,127,58
8335,193,78
8340,706,319
8345,78,37
8350,209,107
8355,115,43
8360,139,49
8365,91,32
8370,74,30
8375,35,15
8380,172,72
8385,238,108
8390,331,141
8395,481,250
8400,106,53
8405,96,43
8410,82,29
8415,503,242
8420,64,21
8425,309,112
8430,61,22
8435,275,112
8440,124,35
8445,134,58
8450,199,88
8455,118,41
8460,311,154
8465,142,65
8470,99,34
8475,295,150
8480,201,90
8485,149,55
8490,149,60
8495,258,127
8500,154,76
8505,68,34
8510,227,92
8515,118,61
8520,185,66
8525,294,117
8530,185,89
8535,128,66
8540,298,135
8545,155,58
8550,230,123
8555,177,85
8560,151,67
8565,89,49
8570,300,150
8575,102,49
8580,158,72
8585,535,247
8590,226,110
8595,193,103
8600,333,149
8605,208,104
8610,522,229
8615,162,65
8620,599,262
8625,235,108
8630,251,98
8635,53,23
8640,148,83
8645,62,20
8650,202,66
8655,135,66
8660,451,200
8665,541,248
8670,37,11
8675,163,68
8680,501,262
8685,81,49
8690,434,168
8695,208,81
8700,191,72
8705,293,118
8710,855,414
8715,265,114
8720,278,116
8725,198,88
8730,63,26
8735,177,70
8740,76,30
8745,236,102
8750,117,63
8755,36,14
8760,419,206
8765,258,129
8770,133,76
8775,330,177
8780,293,114
8785,159,45
8790,95,37
8795,497,234
8800,240,116
8805,194,84
8810,278,134
8815,344,141
8820,113,46
8825,244,124
8830,211,101
8835,48,17
8840,109,50
8845,228,78
8850,401,162
8855,537,217
8860,131,60
8865,60,23
8870,678,309
8875,171,80
8880,120,48
8885,214,89
8890,188,74
8895,99,41
8900,133,54
8905,419,163
8910,187,83
8915,253,112
8920,59,28
8925,150,63
8930,140,63
8935,150,55
8940,135,61
8945,241,107
8950,139,67
8955,448,184
8960,84,31
8965,210,85
8970,118,53
8975,142,46
8980,181,94
8985,69,31
8990,60,22
8995,193,85
9000,324,177
9005,241,115
9010,127,42
9015,37,14
9020,246,106
9025,133,51
9030,331,138
9035,98,31
9040,471,208
9045,238,112
9050,381,162
9055,511,236
9060,186,72
9065,62,27
9070,236,98
9075,111,54
9080,114,40
9085,62,21
9090,168,60
9095,120,57
9100,157,70
9105,198,98
9110,116,53
9115,222,87
9120,79,21
9125,202,69
9130,380,184
9135,120,40
9140,121,42
9145,87,35
9150,271,121
9155,206,104
9160,63,26
9165,325,136
9170,114,40
9175,101,44
9180,111,44
9185,296,142
9190,90,34
9195,220,85
9200,328,152
9205,399,180
9210,161,61
9215,121,59
9220,312,147
9225,196,70
9230,270,115
9235,174,68
9240,214,102
9245,83,36
9250,101,41
9255,61,27
9260,68,22
9265,496,189
9270,204,78
9275,166,71
9280,149,67
9285,83,40
9290,275,126
9295,175,75
9300,165,94
9305,297,144
9310,197,80
9315,62,23
9320,120,52
9325,216,80
9330,80,37
9335,157,50
9340,104,49
9345,221,107
9350,285,127
9355,25,7
9360,115,55
9365,282,123
9370,386,186
9375,428,208
9380,648,278
9385,236,66
9390,69,31
9395,353,155
9400,252,110
9405,229,92
9410,176,66
9415,110,35
9420,94,36
9425,403,157
9430,260,124
9435,248,104
9440,504,227
9445,96,29
9450,162,63
9455,118,43
9460,307,133
9465,131,41
9470,191,98
9475,188,95
9480,99,30
9485,183,89
9490,65,35
9495,143,58
9500,57,21
9505,143,68
9510,259,121
9515,204,117
9520,227,119
9525,229,106
9530,260,121
9535,587,263
9540,199,83
9545,265,117
9550,332,137
9555,147,55
9560,128,58
9565,392,170
9570,94,39
9575,44,21
9580,270,122
9585,337,143
9590,211,97
9595,255,113
9600,221,90
9605,154,60
9610,111,50
9615,161,64
9620,110,50
9625,51,15
9630,142,64
9635,153,63
9640,327,141
9645,144,63
9650,168,70
9655,117,48
9660,212,106
9665,234,119
9670,249,117
9675,118,42
9680,63,20
9685,25,6
9690,112,41
9695,309,118
9700,101,47
9705,53,15
9710,47,20
9715,391,176
9720,306,122
9725,68,33
9730,290,131
9735,56,21
9740,385,150
9745,161,66
9750,141,64
9755,35,11
9760,264,116
9765,53,22
9770,125,51
9775,86,41
9780,248,112
9785,118,48
9790,96,34
9795,466,219
9800,189,65
9805,185,80
9810,156,75
9815,201,73
9820,295,124
9825,126,56
9830,196,89
9835,265,93
9840,151,66
9845,364,150
9850,363,147
9855,514,193
9860,94,36
9865,584,241
9870,108,34
9875,218,109
9880,253,110
9885,59,28
9890,248,91
9895,139,59
9900,173,69
9905,143,52
9910,27,10
9915,166,68
9920,352,165
9925,199,88
9930,111,49
9935,294,136
9940,151,59
9945,204,78
9950,140,56
9955,197,95
9960,117,51
9965,166,78
9970,52,20
9975,144,59
9980,389,154
9985,47,19
9990,99,27
9995,212,102
10000,146,59
10005,91,41
10010,37,7
10015,149,54
10020,160,83
10025,363,135
10030,187,65
10035,86,34
10040,165,67
10045,55,27
10050,109,46
10055,160,83
10060,234,96
10065,431,196
10070,124,60
10075,89,40
10080,71,26
10085,99,41
10090,129,57
10095,188,73
10100,78,22
10105,180,76
10110,119,45
10115,111,42
10120,543,231
10125,47,23
10130,75,27
10135,231,105
10140,290,124
10145,81,35
10150,86,36
10155,200,81
10160,54,19
10165,145,58
10170,92,37
10175,52,19
10180,188,64
10185,78,34
10190,103,46
10195,165,71
10200,193,74
10205,50,20
10210,137,60
10215,119,57
10220,298,105
10225,300,142
10230,684,277
10235,91,38
10240,250,122
10245,154,67
10250,152,64
10255,391,162
10260,97,32
10265,92,30
10270,166,76
10275,35,18
10280,142,51
10285,204,87
10290,271,120
10295,274,111
10300,274,110
10305,267,106
10310,266,98
10315,163,87
10320,124,51
10325,246,108
10330,162,70
10335,315,139
10340,299,109
10345,214,74
10350,136,48
10355,84,32
10360,270,107
10365,303,119
10370,330,144
10375,208,96
10380,162,67
10385,219,93
10390,148,53
10395,208,88
10400,188,96
10405,179,78
10410,308,130
10415,270,115
10420,32,13
10425,220,81
10430,142,67
10435,60,24
10440,274,127
10445,114,57
10450,125,61
10455,231,94
10460,40,13
10465,412,173
10470,74,32
10475,117,41
10480,84,28
10485,236,120
10490,191,77
10495,79,28
10500,106,43
10505,242,101
10510,346,167
10515,103,22
10520,49,11
10525,290,121
10530,127,55
10535,68,25
10540,197,83
10545,344,133
10550,171,68
10555,173,84
10560,234,93
10565,199,82
10570,66,32
10575,73,32
10580,166,78
10585,224,118
10590,72,28
10595,346,153
10600,82,33
10605,98,34
10610,137,56
10615,348,149
10620,114,51
10625,165,71
10630,66,24
10635,119,59
10640,140,66
10645,81,36
10650,235,117
10655,50,19
10660,242,93
10665,249,97
10670,639,270
10675,106,37
10680,249,109
10685,424,174
10690,59,24
10695,94,33
10700,64,25
10705,75,24
10710,265,115
10715,84,30
10720,91,34
10725,252,116
10730,118,39
10735,264,83
10740,246,103
10745,68,23
10750,105,48
10755,85,36
10760,108,48
10765,56,17
10770,176,79
10775,225,105
10780,64,28
10785,87,28
10790,345,122
10795,180,79
10800,213,80
10805,49,15
10810,116,41
10815,310,99
10820,166,76
10825,121,46
10830,42,9
10835,145,60
10840,53,16
10845,309,136
10850,457,171
10855,195,83
10860,299,117
10865,443,176
10870,82,34
10875,167,64
10880,215,88
10885,47,12
10890,211,71
10895,245,100
10900,251,99
10905,140,55
10910,68,21
10915,201,74
10920,37,10
10925,196,77
10930,133,50
10935,108,43
10940,192,49
10945,459,186
10950,299,105
10955,143,58
10960,85,30
10965,65,21
10970,778,302
10975,33,7
10980,379,181
10985,181,62
10990,257,100
10995,664,281
11000,262,93
11005,91,29
11010,315,130
11015,50,17
11020,299,132
11025,187,82
11030,99,42
11035,318,142
11040,322,129
11045,74,35
11050,172,71
11055,66,21
11060,222,92
11065,79,36
11070,47,20
11075,154,60
11080,96,42
11085,66,33
11090,355,149
11095,239,98
11100,157,66
11105,205,90
11110,136,57
11115,87,31
11120,153,61
11125,138,67
11130,90,28
11135,200,88
11140,59,25
11145,81,46
11150,190,70
11155,263,120
11160,247,124
11165,167,71
11170,67,19
11175,87,36
11180,281,129
11185,49,10
11190,178,74
11195,160,58
11200,102,45
11205,81,33
11210,30,6
11215,156,81
11220,259,98
11225,111,47
11230,202,96
11235,94,49
11240,198,89
11245,103,43
11250,232,96
11255,353,143
11260,97,41
11265,141,57
11270,321,142
11275,201,85
11280,204,73
11285,206,88
11290,119,52
11295,129,43
11300,67,23
11305,352,149
11310,84,39
11315,694,262
11320,286,114
11325,124,48
11330,105,52
11335,119,53
11340,101,30
11345,209,68
11350,93,41
11355,128,45
11360,174,74
11365,71,22
11370,142,61
11375,322,125
11380,158,67
11385,142,49
11390,141,50
11395,72,31
11400,119,45
11405,142,59
11410,227,104
11415,251,95
11420,378,116
11425,186,67
11430,72,35
11435,92,41
11440,110,41
11445,185,74
11450,101,38
11455,109,34
11460,65,27
11465,174,84
11470,182,78
11475,173,76
11480,161,61
11485,277,130
11490,179,73
11495,59,24
11500,349,124
11505,110,44
11510,237,94
11515,119,46
11520,446,177
11525,190,66
11530,153,53
11535,94,36
11540,45,16
11545,167,68
11550,134,51
11555,165,59
11560,241,96
11565,86,24
11570,114,49
11575,66,30
11580,96,35
11585,67,23
11590,165,71
11595,84,40
11600,114,37
11605,99,33
11610,149,70
11615,170,82
11620,124,44
11625,86,30
11630,104,47
11635,151,70
11640,98,38
11645,151,51
11650,220,72
11655,199,90
11660,38,14
11665,200,69
11670,142,54
11675,229,85
11680,131,47
11685,47,16
11690,149,54
11695,52,16
11700,125,56
11705,311,109
11710,263,121
11715,59,10
11720,404,155
11725,419,154
11730,94,45
11735,73,19
11740,549,226
11745,202,100
11750,113,51
11755,79,31
11760,365,169
11765,94,37
11770,15,2
11775,211,95
11780,141,60
11785,212,94
11790,175,67
11795,214,92
11800,137,49
11805,191,94
11810,56,19
11815,153,67
11820,183,78
11825,118,59
11830,76,24
11835,194,64
11840,95,31
11845,61,15
11850,135,47
11855,138,57
11860,137,55
11865,171,73
11870,40,9
11875,279,118
11880,97,41
11885,95,28
11890,120,48
11895,68,24
11900,145,53
11905,39,14
11910,192,71
11915,168,76
11920,155,56
11925,109,39
11930,122,44
11935,177,80
11940,25,4
11945,156,72
11950,437,190
11955,271,112
11960,119,47
11965,387,154
11970,163,56
11975,197,65
11980,83,43
11985,88,32
11990,84,26
11995,222,106
12000,68,23
12005,97,29
12010,64,22
12015,68,25
12020,42,17
12025,86,30
12030,114,36
12035,110,48
12040,115,50
12045,204,74
12050,94,36
12055,110,45
12060,238,115
12065,246,105
12070,142,49
12075,159,60
12080,230,83
12085,259,120
12090,95,29
12095,112,45
12100,461,201
12105,96,28
12110,300,117
12115,307,150
12120,38,10
12125,133,58
12130,75,37
12135,276,98
12140,64,25
12145,160,54
12150,122,49
12155,216,81
12160,131,50
12165,96,32
12170,129,59
12175,334,143
12180,111,59
12185,164,70
12190,149,53
12195,327,115
12200,237,86
12205,118,40
12210,409,152
12215,165,73
12220,142,58
12225,424,161
12230,69,28
12235,279,105
12240,57,13
12245,320,132
12250,93,31
12255,152,60
12260,276,85
12265,63,15
12270,73,33
12275,106,43
12280,199,81
12285,87,29
12290,161,66
12295,86,29
12300,210,85
12305,287,100
12310,399,145
12315,56,22
12320,151,59
12325,65,20
12330,339,121
12335,219,80
12340,185,91
12345,110,42
12350,90,32
12355,235,95
12360,386,150
12365,152,64
12370,40,9
12375,172,48
12380,218,86
12385,56,16
12390,50,22
12395,143,48
12400,232,84
12405,88,38
12410,231,89
12415,122,46
12420,122,39
12425,690,264
12430,368,150
12435,205,83
12440,67,25
12445,230,86
12450,60,19
12455,256,91
12460,178,61
12465,230,78
12470,99,27
12475,243,92
12480,135,68
12485,98,43
12490,140,58
12495,48,11
12500,37,15
12505,88,27
12510,172,80
12515,72,21
12520,136,42
12525,110,37
12530,625,212
12535,241,84
12540,156,61
12545,186,70
12550,47,15
12555,79,28
12560,256,94
12565,162,57
12570,380,146
12575,237,88
12580,131,45
12585,46,16
12590,164,67
12595,140,53
12600,173,67
12605,255,107
12610,299,137
12615,280,121
12620,316,155
12625,142,46
12630,250,109
12635,63,23
12640,73,20
12645,127,43
12650,275,93
12655,48,11
12660,570,213
12665,175,62
12670,82,38
12675,160,66
12680,181,63
12685,111,43
12690,120,47
12695,70,25
12700,99,31
12705,136,45
12710,248,90
12715,85,35
12720,95,48
12725,67,24
12730,175,57
12735,116,47
12740,408,184
12745,205,71
12750,305,134
12755,88,27
12760,43,14
12765,150,54
12770,146,56
12775,195,72
12780,133,50
12785,148,43
12790,293,103
12795,155,62
12800,336,122
12805,102,36
12810,393,137
12815,56,15
12820,325,130
12825,132,61
12830,301,108
12835,272,92
12840,111,43
12845,301,113
12850,162,61
12855,536,224
12860,346,126
12865,208,94
12870,130,45
12875,171,74
12880,64,16
12885,167,55
12890,145,45
12895,105,30
12900,201,89
12905,491,186
12910,100,38
12915,168,60
12920,172,61
12925,213,84
12930,198,74
12935,72,34
12940,119,39
12945,196,72
12950,128,51
12955,67,27
12960,277,99
12965,42,11
12970,119,44
12975,142,52
12980,185,64
12985,150,68
12990,23,5
12995,104,39
13000,192,77
13005,116,43
13010,270,99
13015,86,32
13020,78,21
13025,129,48
13030,144,41
13035,475,196
13040,128,48
13045,180,74
13050,169,69
13055,146,43
13060,96,34
13065,342,123
13070,189,71
13075,191,61
13080,173,65
13085,153,67
13090,207,83
13095,259,104
13100,97,43
13105,96,44
13110,605,250
13115,202,66
13120,65,34
13125,65,20
13130,207,78
13135,310,103
13140,205,58
13145,131,44
13150,165,52
13155,93,36
13160,24,3
13165,159,47
13170,289,101
13175,140,55
13180,101,34
13185,370,134
13190,565,214
13195,271,92
13200,21,3
13205,135,51
13210,98,42
13215,107,37
13220,157,67
13225,83,31
13230,172,58
13235,196,88
13240,105,49
13245,161,59
13250,60,17
13255,133,36
13260,437,147
13265,314,129
13270,25,10
13275,258,83
13280,79,30
13285,67,27
13290,320,118
13295,158,49
13300,129,42
13305,171,54
13310,100,40
13315,58,19
13320,240,88
13325,150,49
13330,35,6
13335,75,30
13340,191,64
13345,158,69
13350,295,116
13355,105,38
13360,200,73
13365,173,65
13370,110,48
13375,283,120
13380,251,94
13385,190,73
13390,183,72
13395,197,91
13400,105,34
13405,142,61
13410,81,28
13415,76,26
13420,304,117
13425,46,14
13430,55,19
13435,64,19
13440,146,57
13445,209,73
13450,36,12
13455,172,64
13460,219,81
13465,76,27
13470,131,53
13475,179,75
13480,267,91
13485,300,107
13490,391,130
13495,55,25
13500,126,49
13505,230,102
13510,118,43
13515,198,72
13520,76,24
13525,114,48
13530,147,50
13535,89,35
13540,250,87
13545,146,56
13550,224,91
13555,224,74
13560,162,64
13565,99,30
13570,75,16
13575,89,30
13580,143,51
13585,134,44
13590,90,22
13595,313,111
13600,171,73
13605,117,53
13610,32,5
13615,249,103
13620,93,31
13625,58,23
13630,73,30
13635,170,63
13640,44,13
13645,78,24
13650,161,74
13655,342,134
13660,135,57
13665,152,50
13670,193,48
13675,199,71
13680,233,83
13685,135,51
13690,39,16
13695,395,158
13700,135,43
13705,60,18
13710,85,32
13715,74,26
13720,72,20
13725,45,12
13730,163,79
13735,228,82
13740,87,39
13745,229,98
13750,91,26
13755,418,148
13760,145,49
13765,177,51
13770,45,16
13775,31,6
13780,62,25
13785,89,34
13790,47,18
13795,168,57
13800,215,82
13805,52,18
13810,47,22
13815,103,39
13820,127,49
13825,69,21
13830,85,31
13835,30,9
13840,130,47
13845,131,46
13850,136,44
13855,206,77
13860,117,36
13865,96,28
13870,94,24
13875,351,126
13880,265,85
13885,209,70
13890,208,81
13895,270,111
13900,117,41
13905,195,73
13910,502,182
13915,442,163
13920,305,117
13925,85,28
13930,325,113
13935,175,53
13940,155,64
13945,82,27
13950,64,24
13955,112,39
13960,91,28
13965,67,26
13970,205,73
13975,127,44
13980,132,61
13985,240,87
13990,47,17
13995,171,55
14000,864,318
14005,207,88
14010,211,75
14015,29,7
14020,114,46
14025,280,98
14030,160,62
14035,262,88
14040,79,30
14045,44,10
14050,119,42
14055,119,36
14060,65,19
14065,73,26
14070,143,60
14075,93,35
14080,152,49
14085,116,33
14090,180,72
14095,141,47
14100,210,73
14105,75,19
14110,203,78
14115,76,26
14120,124,50
14125,94,29
14130,49,9
14135,226,94
14140,118,46
14145,135,54
14150,373,135
14155,261,95
14160,317,121
14165,20,7
14170,173,68
14175,155,53
14180,326,120
14185,182,71
14190,100,32
14195,136,44
14200,180,63
14205,235,95
14210,70,21
14215,71,22
14220,128,49
14225,354,158
14230,177,75
14235,216,78
14240,116,45
14245,49,14
14250,57,17
14255,152,53
14260,163,52
14265,73,22
14270,332,140
14275,77,22
14280,170,55
14285,87,22
14290,114,42
14295,69,17
14300,54,25
14305,164,50
14310,311,104
14315,39,8
14320,99,51
14325,145,36
14330,35,14
14335,110,45
14340,189,62
14345,49,14
14350,410,168
14355,109,40
14360,232,93
14365,104,40
14370,160,59
14375,200,75
14380,179,64
14385,276,117
14390,175,71
14395,157,68
14400,156,43
14405,331,108
14410,45,15
14415,175,55
14420,104,40
14425,350,144
14430,357,152
14435,74,26
14440,53,20
14445,77,22
14450,155,55
14455,74,20
14460,133,45
14465,253,81
14470,80,32
14475,174,59
14480,331,128
14485,266,96
14490,116,41
14495,305,89
14500,281,93
14505,465,168
14510,27,7
14515,121,30
14520,137,53
14525,532,213
14530,61,20
14535,447,157
14540,191,66
14545,233,91
14550,322,104
14555,195,64
14560,85,26
14565,122,40
14570,212,85
14575,111,39
14580,262,95
14585,512,174
14590,120,45
14595,189,61
14600,290,123
14605,313,116
14610,135,46
14615,62,17
14620,110,39
14625,215,100
14630,244,90
14635,174,67
14640,234,80
14645,168,57
14650,345,120
14655,272,110
14660,153,65
14665,427,167
14670,250,67
14675,219,77
14680,207,75
14685,130,49
14690,64,23
14695,241,86
14700,87,41
14705,115,36
14710,201,54
14715,127,47
14720,98,45
14725,160,59
14730,83,28
14735,107,44
14740,231,87
14745,73,25
14750,151,66
14755,160,49
14760,427,145
14765,110,40
14770,124,46
14775,41,13
14780,202,60
14785,114,42
14790,80,28
14795,27,9
14800,464,174
14805,235,95
14810,74,23
14815,468,164
14820,402,148
14825,208,90
14830,463,168
14835,119,43
14840,312,121
14845,215,76
14850,270,77
14855,367,151
14860,156,51
14865,145,41
14870,86,26
14875,208,58
14880,129,55
14885,200,72
14890,151,51
14895,116,45
14900,223,91
14905,65,20
14910,100,38
14915,171,56
14920,169,66
14925,116,41
14930,165,71
14935,106,52
14940,85,29
14945,41,9
14950,397,122
14955,119,45
14960,95,31
14965,71,24
14970,54,18
14975,85,26
14980,57,22
14985,118,40
14990,55,22
14995,237,95
15000,245,108
15005,409,138
15010,118,37
15015,191,65
15020,245,73
15025,91,33
15030,90,27
15035,65,19
15040,513,211
15045,177,61
15050,64,31
15055,124,63
15060,58,14
15065,226,67
15070,67,22
15075,135,32
15080,74,22
15085,124,51
15090,155,56
15095,96,33
15100,365,134
15105,353,131
15110,128,44
15115,46,20
15120,173,60
15125,416,148
15130,372,145
15135,125,42
15140,137,48
15145,110,48
15150,179,64
15155,324,120
15160,98,39
15165,103,27
15170,256,76
15175,78,27
15180,32,7
15185,280,100
15190,275,100
15195,115,51
15200,70,20
15205,114,33
15210,280,113
15215,70,21
15220,603,223
15225,262,87
15230,270,108
15235,59,21
15240,1067,337
15245,561,184
15250,187,52
15255,50,14
15260,120,38
15265,889,342
15270,65,19
15275,38,12
15280,191,75
15285,177,66
15290,308,120
15295,25,9
15300,99,33
15305,317,102
15310,98,33
15315,532,167
15320,108,36
15325,157,61
15330,276,117
15335,449,158
15340,257,75
15345,124,43
15350,177,55
15355,273,108
15360,95,34
15365,28,9
15370,442,135
15375,207,78
15380,138,55
15385,24,7
15390,117,47
15395,275,112
15400,86,40
15405,99,44
15410,56,17
15415,101,34
15420,74,27
15425,296,95
15430,99,21
15435,223,85
15440,300,104
15445,323,115
15450,528,195
15455,280,108
15460,55,22
15465,160,72
15470,100,34
15475,174,68
15480,108,38
15485,168,59
15490,127,47
15495,283,96
15500,213,61
15505,106,38
15510,285,107
15515,288,107
15520,194,61
15525,114,33
15530,280,86
15535,197,75
15540,94,28
15545,166,71
15550,180,66
15555,203,61
15560,150,61
15565,435,141
15570,170,45
15575,150,53
15580,480,194
15585,162,61
15590,93,29
15595,230,80
15600,409,117
15605,115,36
15610,335,119
15615,336,134
15620,266,92
15625,94,34
15630,88,32
15635,131,45
15640,200,66
15645,841,324
15650,57,23
15655,272,92
15660,162,52
15665,159,50
15670,176,67
15675,30,9
15680,238,90
15685,124,50
15690,168,50
15695,94,36
15700,715,259
15705,395,146
15710,166,71
15715,240,88
15720,70,23
15725,178,61
15730,106,39
15735,190,63
15740,293,104
15745,233,80
15750,157,64
15755,119,38
15760,73,21
15765,95,32
15770,23,8
15775,176,65
15780,166,58
15785,189,49
15790,448,128
15795,105,33
15800,185,74
15805,76,19
15810,104,37
15815,270,93
15820,328,122
15825,247,80
15830,126,47
15835,113,33
15840,145,47
15845,132,45
15850,354,130
15855,107,39
15860,151,48
15865,47,10
15870,109,32
15875,611,234
15880,144,46
15885,106,42
15890,190,58
15895,346,140
15900,40,10
15905,181,63
15910,98,31
15915,143,48
15920,221,64
15925,140,54
15930,33,8
15935,53,20
15940,180,62
15945,152,54
15950,63,23
15955,84,27
15960,165,56
15965,98,34
15970,211,64
15975,101,24
15980,291,102
15985,89,30
15990,277,125
15995,433,141
16000,119,43
16005,154,64
16010,128,53
16015,870,295
16020,258,91
16025,128,44
16030,453,167
16035,34,10
16040,69,22
16045,142,55
16050,301,102
16055,526,164
16060,152,46
16065,273,101
16070,155,59
16075,164,45
16080,187,58
16085,72,18
16090,47,11
16095,110,40
16100,116,45
16105,91,30
16110,99,33
16115,302,112
16120,172,74
16125,177,55
16130,259,89
16135,114,49
16140,46,15
16145,279,90
16150,393,137
16155,93,33
16160,61,15
16165,27,6
16170,116,36
16175,179,54
16180,238,87
16185,50,16
16190,127,46
16195,393,123
16200,161,49
16205,399,123
16210,244,91
16215,63,22
16220,510,194
16225,182,46
16230,56,15
16235,36,8
16240,101,34
16245,186,56
16250,107,36
16255,86,26
16260,143,49
16265,35,7
16270,361,122
16275,95,28
16280,192,68
16285,450,152
16290,204,61
16295,117,39
16300,32,7
16305,107,27
16310,181,59
16315,363,138
16320,169,59
16325,50,19
16330,358,128
16335,68,31
16340,115,32
16345,183,61
16350,432,143
16355,281,96
16360,367,117
16365,75,21
16370,357,120
16375,125,39
16380,60,12
16385,50,14
16390,1243,420
16395,702,251
16400,236,88
16405,153,50
16410,57,18
16415,44,14
16420,600,228
16425,56,15
16430,41,11
16435,235,78
16440,177,52
16445,107,45
16450,123,32
16455,112,43
16460,89,28
16465,219,70
16470,69,21
16475,189,59
16480,261,100
16485,304,100
16490,126,47
16495,359,126
16500,61,28
16505,153,60
16510,364,144
16515,107,43
16520,317,107
16525,751,263
16530,198,60
16535,187,58
16540,188,55
16545,227,66
16550,167,50
16555,180,56
16560,217,68
16565,550,201
16570,42,11
16575,124,38
16580,1210,412
16585,108,34
16590,266,81
16595,34,8
16600,351,99
16605,375,147
16610,74,17
16615,206,82
16620,174,61
16625,163,46
16630,100,38
16635,219,80
16640,114,42
16645,82,26
16650,48,14
16655,63,16
16660,52,12
16665,100,40
16670,225,65
16675,71,19
16680,187,67
16685,135,42
16690,286,96
16695,110,32
16700,163,56
16705,180,73
16710,345,118
16715,37,9
16720,157,49
16725,240,87
16730,241,76
16735,95,26
16740,75,21
16745,49,20
16750,29,7
16755,180,57
16760,587,187
16765,220,79
16770,297,108
16775,330,107
16780,230,69
16785,185,70
16790,101,31
16795,383,119
16800,89,32
16805,91,34
16810,33,9
16815,204,59
16820,150,55
16825,169,49
16830,242,76
16835,122,47
16840,68,29
16845,228,74
16850,172,66
16855,281,101
16860,127,50
16865,61,19
16870,262,92
16875,184,51
16880,123,46
16885,70,18
16890,212,82
16895,106,41
16900,246,84
16905,175,60
16910,223,74
16915,74,24
16920,134,39
16925,340,122
16930,177,73
16935,82,34
16940,188,56
16945,191,45
16950,263,80
16955,352,118
16960,92,37
16965,239,78
16970,300,97
16975,98,36
16980,88,37
16985,805,250
16990,456,157
16995,216,95
17000,269,102
17005,107,46
17010,225,85
17015,43,13
17020,288,98
17025,122,48
17030,304,107
17035,692,215
17040,43,10
17045,39,11
17050,64,21
17055,185,68
17060,580,191
17065,94,29
17070,203,84
17075,241,92
17080,298,112
17085,127,40
17090,586,221
17095,199,68
17100,102,28
17105,212,59
17110,188,63
17115,526,180
17120,342,132
17125,100,35
17130,260,89
17135,307,106
17140,153,56
17145,71,17
17150,203,67
17155,140,39
17160,218,76
17165,100,35
17170,300,103
17175,172,55
17180,172,50
17185,227,68
17190,536,175
17195,193,73
17200,556,182
17205,198,63
17210,300,106
17215,134,55
17220,269,97
17225,105,36
17230,324,94
17235,79,28
17240,118,34
17245,266,76
17250,119,33
17255,40,6
17260,112,30
17265,503,163
17270,310,105
17275,250,96
17280,557,209
17285,659,220
17290,73,25
17295,36,11
17300,170,57
17305,328,128
17310,467,129
17315,360,134
17320,125,43
17325,170,59
17330,249,64
17335,414,159
17340,235,88
17345,413,142
17350,623,234
17355,232,71
17360,302,115
17365,156,60
17370,637,194
17375,211,76
17380,358,138
17385,100,38
17390,466,157
17395,214,71
17400,30,10
17405,229,72
17410,489,184
17415,133,41
17420,397,135
17425,310,93
17430,77,21
17435,302,99
17440,195,80
17445,909,319
17450,93,26
17455,263,88
17460,185,62
17465,111,41
17470,41,9
17475,219,65
17480,83,26
17485,276,93
17490,215,86
17495,765,272
17500,158,45
17505,246,99
17510,599,203
17515,69,19
17520,260,80
17525,171,59
17530,100,39
17535,68,24
17540,68,16
17545,85,30
17550,261,85
17555,677,229
17560,92,31
17565,141,50
17570,167,59
17575,249,93
17580,499,180
17585,430,158
17590,580,210
17595,168,63
17600,279,102
17605,176,61
17610,217,78
17615,77,24
17620,96,29
17625,323,119
17630,118,31
17635,295,107
17640,458,147
17645,173,66
17650,116,39
17655,104,36
17660,323,109
17665,17,2
17670,223,66
17675,95,32
17680,99,34
17685,494,156
17690,190,60
17695,380,145
17700,198,71
17705,147,48
17710,166,52
17715,108,41
17720,52,12
17725,135,42
17730,438,155
17735,106,35
17740,589,176
17745,133,48
17750,46,10
17755,652,217
17760,43,17
17765,486,154
17770,86,23
17775,1218,403
17780,165,55
17785,261,93
17790,114,45
17795,501,174
17800,151,52
17805,100,38
17810,97,31
17815,280,111
17820,167,52
17825,77,22
17830,124,43
17835,58,20
17840,510,194
17845,115,37
17850,131,33
17855,106,44
17860,185,75
17865,365,123
17870,148,47
17875,47,10
17880,260,84
17885,95,34
17890,187,49
17895,80,29
17900,122,31
17905,167,56
17910,126,47
17915,356,138
17920,107,36
17925,110,42
17930,370,114
17935,137,47
17940,97,25
17945,364,145
17950,83,21
17955,198,79
17960,343,125
17965,89,25
17970,112,46
17975,404,143
17980,360,115
17985,66,24
17990,289,100
17995,98,31
18000,219,70
18005,31,6
18010,147,47
18015,50,12
18020,82,34
18025,33,12
18030,376,142
18035,212,69
18040,96,27
18045,93,26
18050,312,95
18055,161,51
18060,62,20
18065,209,65
18070,184,60
18075,111,35
18080,104,34
18085,254,69
18090,215,86
18095,157,55
18100,130,53
18105,258,90
18110,239,81
18115,344,125
18120,39,13
18125,921,300
18130,106,39
18135,261,91
18140,922,333
18145,320,98
18150,250,96
18155,308,103
18160,74,22
18165,128,38
18170,331,100
18175,165,50
18180,376,136
18185,93,27
18190,271,95
18195,176,66
18200,230,100
18205,499,195
18210,210,75
18215,387,111
18220,56,20
18225,47,9
18230,140,54
18235,134,41
18240,23,4
18245,115,46
18250,239,75
18255,191,51
18260,51,18
18265,479,152
18270,68,27
18275,61,19
18280,113,35
18285,284,117
18290,188,59
18295,359,128
18300,176,72
18305,156,60
18310,261,95
18315,150,54
18320,363,133
18325,194,63
18330,81,20
18335,262,89
18340,91,31
18345,461,161
18350,400,156
18355,301,107
18360,255,87
18365,103,45
18370,215,63
18375,235,73
18380,512,169
18385,96,30
18390,609,204
18395,670,227
18400,363,139
18405,89,30
18410,172,67
18415,92,33
18420,126,40
18425,62,24
18430,140,37
18435,265,85
18440,506,161
18445,383,131
18450,135,43
18455,100,27
18460,587,179
18465,301,97
18470,503,157
18475,246,78
18480,763,243
18485,174,51
18490,322,112
18495,36,7
18500,65,20
18505,244,73
18510,379,122
18515,424,139
18520,1475,507
18525,205,61
18530,344,105
18535,749,271
18540,93,25
18545,538,179
18550,560,195
18555,166,52
18560,461,165
18565,138,42
18570,87,31
18575,85,30
18580,276,82
18585,90,24
18590,127,55
18595,139,46
18600,693,236
18605,432,147
18610,371,111
18615,105,37
18620,181,57
18625,858,313
18630,109,29
18635,101,34
18640,280,90
18645,630,213
18650,246,82
18655,289,95
18660,341,119
18665,126,41
18670,320,101
18675,186,69
18680,148,47
18685,109,39
18690,56,15
18695,126,38
18700,366,124
18705,451,156
18710,87,27
18715,411,133
18720,286,112
18725,269,89
18730,526,165
18735,111,26
18740,102,31
18745,102,31
18750,118,36
18755,216,89
18760,453,163
18765,438,129
18770,367,133
18775,433,148
18780,94,33
18785,387,130
18790,276,99
18795,198,74
18800,183,59
18805,148,46
18810,169,63
18815,115,32
18820,532,178
18825,322,114
18830,388,124
18835,502,165
18840,142,39
18845,268,87
18850,117,49
18855,180,57
18860,27,6
18865,197,61
18870,43,11
18875,67,20
18880,202,71
18885,253,75
18890,274,89
18895,436,154
18900,101,30
18905,612,204
18910,197,62
18915,120,39
18920,213,65
18925,540,187
18930,334,111
18935,90,28
18940,719,251
18945,314,99
18950,194,67
18955,260,85
18960,836,270
18965,1126,378
18970,237,79
18975,299,109
18980,120,35
18985,658,203
18990,202,68
18995,442,164
19000,252,88
19005,149,37
19010,322,112
19015,500,164
19020,184,65
19025,556,157
19030,82,25
19035,134,44
19040,101,35
19045,537,187
19050,695,253
19055,179,54
19060,125,55
19065,181,60
19070,71,24
19075,91,30
19080,316,101
19085,113,38
19090,350,119
19095,155,52
19100,677,225
19105,206,84
19110,803,282
19115,178,56
19120,155,59
19125,339,114
19130,283,86
19135,177,61
19140,864,295
19145,170,65
19150,131,55
19155,273,88
19160,168,57
19165,465,164
19170,104,27
19175,249,73
19180,63,15
19185,107,39
19190,70,19
19195,441,158
19200,204,69
19205,249,90
19210,119,40
19215,666,226
19220,523,167
19225,87,27
19230,480,177
19235,264,90
19240,84,28
19245,238,82
19250,208,61
19255,23,3
19260,143,50
19265,192,74
19270,428,154
19275,239,79
19280,1489,504
19285,380,121
19290,574,207
19295,119,44
19300,32,5
19305,131,46
19310,37,5
19315,95,32
19320,608,206
19325,302,109
19330,76,28
19335,480,152
19340,124,41
19345,674,211
19350,203,60
19355,526,167
19360,589,182
19365,421,156
19370,72,21
19375,642,207
19380,45,14
19385,230,70
19390,420,147
19395,707,234
19400,412,155
19405,183,66
19410,468,150
19415,76,25
19420,256,89
19425,73,23
19430,949,315
19435,241,77
19440,395,138
19445,122,42
19450,391,119
19455,275,86
19460,331,117
19465,305,98
19470,70,19
19475,362,103
19480,319,96
19485,257,82
19490,846,288
19495,275,95
19500,849,263
19505,227,75
19510,158,52
19515,126,37
19520,307,105
19525,366,137
19530,61,18
19535,358,116
19540,105,35
19545,261,86
19550,53,16
19555,71,18
19560,31,8
19565,128,44
19570,85,23
19575,74,28
19580,322,93
19585,160,53
19590,424,135
19595,259,95
19600,132,39
19605,131,46
